,title,desc,date,datetime,link,img,media,site
0,Do new Covid 'Scrabble' variants make omicron boosters pointless? Here's what experts say,bookmark_border,16 hours ago,2022-11-05 18:37:44.797067,news.google.com/./articles/CAIiEPzOnCLm6x6nurrRO8KYA7cqGQgEKhAIACoHCAow2Nb3CjDivdcCMP3ungY?uo=CAUiamh0dHBzOi8vd3d3LmNuYmMuY29tLzIwMjIvMTEvMDUvZXhwZXJ0cy13ZWlnaC1pbi1vbi1vbWljcm9uLWNvdmlkLWJvb3N0ZXItcHJvdGVjdGlvbi1hZ2FpbnN0LXZhcmlhbnRzLmh0bWzSAQA&hl=en-IN&gl=IN&ceid=IN%3Aen,https://lh3.googleusercontent.com/proxy/YhbDYxCqxO0C1qlw2mtGrRIuIFO5hZpzOs-PIW6kP1Pqip06Wv1fbwigRLSR9NMaqv3SaqNLy3cpO2V8biTdXcX7zVdvtGbTl8hOR_vcSmvRbAwMijQ3UifEa3-68GiBzrDh4ONfeanOQMvh1kfP7cGD9vULqYI5N5NHv_hV_vqZr2X2mLy8rYXJVuGAnqu_M5iKsi0EcT3nXsRmseKs8oVM8LJRqeymKa4plTlbmJz6KqJ0eEwDfSiOwcJI=s0-w100-h100-dcnRKCDJ4J,,
1,UK researchers cure man with persistent Covid for over a year,bookmark_border,Yesterday,,news.google.com/./articles/CAIiEOrEaVol35dMi36K9MyVf58qGAgEKg8IACoHCAowjtSUCjC30XQwzqe5AQ?uo=CAUiT2h0dHBzOi8vd3d3Lndhc2hpbmd0b25wb3N0LmNvbS9oZWFsdGgvMjAyMi8xMS8wNC9jaHJvbmljLWNvdmlkLXVrLWN1cmUtZ2Vub21pYy_SAQA&hl=en-IN&gl=IN&ceid=IN%3Aen,https://lh3.googleusercontent.com/proxy/LqzFhIQcuhuOZUUjmimS9OjnrGI8nEPVJHXBuSrle3V1LeveUG-PO_8axWmNWVFqDBkqGaL8wUkIpZpDDNvSO7a7KsH6pE9Pz8bI3ym_AyEh_doW0ndAlDaAv6Tzkx4CbvqBJNTH62nRZ8HIJ0fXImYB5DVOmK2tuXNg4apY6w=s0-w100-h100-dcEQWYp40L,,
2,Opinion | China's 'zero-covid' policy isn't working,bookmark_border,10 hours ago,2022-11-06 00:37:44.797067,news.google.com/./articles/CAIiEMDDA9OQ2lJoobsZbIexdmwqGAgEKg8IACoHCAowjtSUCjC30XQw_qe5AQ?uo=CAUiU2h0dHBzOi8vd3d3Lndhc2hpbmd0b25wb3N0LmNvbS9vcGluaW9ucy8yMDIyLzExLzA1L2NoaW5hLXplcm8tY292aWQtcG9saWN5LWZhaWx1cmUv0gEA&hl=en-IN&gl=IN&ceid=IN%3Aen,https://lh3.googleusercontent.com/proxy/Ge4UpFv590couI3tRFXOu1CGEtT5yifrJBH1oAmGxNEKT_H9cCObOS7oDwdspRj7RpMQXcRNKEY1PrgO8jLZ9MNE-bg3UdmsfDagzMq_KYeGd7rU0Mo5rjXLvBkt0yAnMYK2Q_4d3hKSXhlYwhcYZ3anuioQlZv50yqjiwn9wtHLST4xAsGsycsz_jjaIclyosQ2AwIxdUqLyIVXJGlLyS5JRgd9tr3UcKhs=s0-w100-h100-dcDUCI6iBoNXEB,,
3,"Fever, runny nose, sore throat could mean Flu, Covid-19 or RSV. Here's how to understand | Mint",bookmark_border,3 days ago,2022-11-03 10:37:44.797973,news.google.com/./articles/CAIiELOUR_dp3nC4L6I1bsy4NDsqFwgEKg4IACoGCAowxLQ_MNevCDCyrdsG?uo=CAUipAFodHRwczovL3d3dy5saXZlbWludC5jb20vbmV3cy9pbmRpYS9mZXZlci1ydW5ueS1ub3NlLXNvcmUtdGhyb2F0LWNvdWxkLW1lYW4tZmx1LWNvdmlkLTE5LW9yLXJlc3BpcmF0b3J5LXN5bmN5dGlhbC12aXJ1cy1oZXJlLXMtaG93LXRvLXVuZGVyc3RhbmQtMTE2Njc0Njc1ODYxOTYuaHRtbNIBAA&hl=en-IN&gl=IN&ceid=IN%3Aen,https://lh3.googleusercontent.com/proxy/9jmuUZU-IMmtQ-CN2bIQtwpeGeTtXv9UQoXHwq0hP_LEWoD6D5nd42tw9XtSvZMBaGik45vuIh04ngV2rkUy4Qf7thYUEgz45qDu3-WfcgHwKb_dfpAAIflHHZeefmrGx78I36NQxs-V1bmuAVOr1p8XUMJwNM_e_z8t_EPcd8Gh9q_psBsjN3LM8gsbHYuHkzMVHT2er5m4NRPsIZ6joWmmKvqeZpwWlDL5K7y1EUc=s0-w100-h100-dcARUK,,
4,Covid-19 Vaccine Protection among Children and Adolescents in Qatar | NEJM,bookmark_border,3 days ago,2022-11-03 10:37:44.797973,news.google.com/./articles/CBMiM2h0dHBzOi8vd3d3Lm5lam0ub3JnL2RvaS9mdWxsLzEwLjEwNTYvTkVKTW9hMjIxMDA1ONIBAA?hl=en-IN&gl=IN&ceid=IN%3Aen,https://lh3.googleusercontent.com/proxy/5qYgmrsx0VMcKYPrvQl1pMuCQNJynCDYSu6kH4aU2obnr5WGiDWiRpZNtEypNu3e3-iZNVYIxKhTnLU3zz9EXCEICTuj1LosqJ4WD-5XY5s7iuki2cXqCyaZVJJEOI6VeoJmpgZ4lAEZLR2o0lxzBYOdw16dTzirjnsonpai5YB7kh8Yx7g1N09H5-TcGjLSAPKjMFksrZhdPN-NCPF65KDfnONcVlLmbFrDcL0p6dpXx9Hwr08DmCd9qOkbLA=s0-w100-h100-dcgQKKSBFogoAD,,
5,Pfizer/BioNTech say updated Covid-19 booster generates 'substantially higher' protection against Omicron subvariants than original vaccine,bookmark_border,2 days ago,2022-11-04 10:37:44.797973,news.google.com/./articles/CBMiW2h0dHBzOi8vd3d3LmNubi5jb20vMjAyMi8xMS8wNC9oZWFsdGgvcGZpemVyLWNvdmlkLWJpdmFsZW50LWJvb3N0ZXItb21pY3Jvbi1kYXRhL2luZGV4Lmh0bWzSAV9odHRwczovL2FtcC5jbm4uY29tL2Nubi8yMDIyLzExLzA0L2hlYWx0aC9wZml6ZXItY292aWQtYml2YWxlbnQtYm9vc3Rlci1vbWljcm9uLWRhdGEvaW5kZXguaHRtbA?hl=en-IN&gl=IN&ceid=IN%3Aen,https://lh3.googleusercontent.com/proxy/CVsVP7LTFgD4GE5XEt5szvBsxPg3uFF3FD38tAwCoFCHHqTPGawsxa8ZdMEhdH7BAd-hyF50Lhjfdm-7M6_xh5nKFKrYh1Z4oNynbR5f6lRsdXJG4vTS7wda9DjYHm5XQ02Jgf0Sfk4ddHFcu-z7FTceljNRIigcKJXSWAAW_lBi91lLUGMSuVfGbHa5mZGZaqQJUAxCi5jSKIp8iMe7epgRpyzvQzJOsEiQQkuyZJrk6vF-0Uhx2CQ3291WgWsKzw=s0-w100-h100-dcDQCSxpYJ,,
6,A multinational Delphi consensus to end the COVID-19 public health threat,bookmark_border,3 days ago,2022-11-03 10:37:44.798978,news.google.com/./articles/CBMiMmh0dHBzOi8vd3d3Lm5hdHVyZS5jb20vYXJ0aWNsZXMvczQxNTg2LTAyMi0wNTM5OC0y0gEA?hl=en-IN&gl=IN&ceid=IN%3Aen,https://lh3.googleusercontent.com/proxy/WQBBnTNmI1XohGIB-MtxYPD5VDNvyR9Zf3uqAieKdKVvF2A7C3A2Jr6TCXTo4iQU9kdga_I7aVQWIdAcdKO6XvMyxvWhFnkeLJb9rRxSyQcRqSPggMhaYwQEBBwDCzdV1YSB6nAmqCbUNDR3d6en7Pwj9lHci_K339gygu5E1o97JUTZLZm_g5XExfPQiHKzmjoD2QqfTj6GsN5qz6wf2DPX8Zqz=s0-w100-h100-dcCSCMeKxmilEB,,
7,"CDC warns of tough winter as flu, RSV and covid collide",bookmark_border,Yesterday,,news.google.com/./articles/CAIiEKYBBe3TaUJK5DdJTSQv9m4qGAgEKg8IACoHCAowjtSUCjC30XQwzqe5AQ?uo=CAUiS2h0dHBzOi8vd3d3Lndhc2hpbmd0b25wb3N0LmNvbS9oZWFsdGgvMjAyMi8xMS8wNC9mbHUtcnN2LWNvdmlkLWNhc2VzLXN1cmdlL9IBAA&hl=en-IN&gl=IN&ceid=IN%3Aen,https://lh3.googleusercontent.com/proxy/dqdn0VWQL360lKJ77MF6EGOFyzDnXJpc__7Q5EtrCdUlgTO5ewGgO9ALCZrwWQu5zDoN0aLtyZr3VApuO8g6ayDj05emmv_6KzlFFXv9dGgooUZKfxB95v7n5OVO5nbaPD9LLzMKL9CpEehYXb1-sDby-wBUHuoqnrkNv9TeRvW4D_9EXHouU6eqIfXJ8gaUAT04A9T60mQ_llZOGkuz5CBJaA9DwQUkBUqX=s0-w100-h100-dcBUCSZioH,,
8,The Coronavirus Standards Working Group’s roadmap for improved population testing,bookmark_border,4 days ago,2022-11-02 10:37:44.800009,news.google.com/./articles/CBMiMmh0dHBzOi8vd3d3Lm5hdHVyZS5jb20vYXJ0aWNsZXMvczQxNTg3LTAyMi0wMTUzOC0x0gEA?hl=en-IN&gl=IN&ceid=IN%3Aen,https://lh3.googleusercontent.com/proxy/xj-kvlnizLqnI-MUyD-VPnSsdtUZjspRUGUU7dZ5M-MHLqLhyXeeABWi466EzeILWr0Xj8UyzXBwGWfCqwf_eXO0C58ZltRPOFCZ5ASjNKr0bTeXXIvA8jxLcUHla_fO2m3hdwh_6V8Hn9wPWFw3P8s96JX84jvcDfqP1GHcwWUmHUTkYnYpafUGof3oDc06x1FXTmiOYPliOqj1JIh1HH9tLU6t=s0-w100-h100-dcgQKKajII,,
9,Statement on the thirteenth meeting of the International Health Regulations (2005) Emergency Committee regarding the coronavirus disease (COVID-19) pandemic,bookmark_border,18 Oct,,news.google.com/./articles/CBMixQFodHRwczovL3d3dy53aG8uaW50L25ld3MvaXRlbS8xOC0xMC0yMDIyLXN0YXRlbWVudC1vbi10aGUtdGhpcnRlZW50aC1tZWV0aW5nLW9mLXRoZS1pbnRlcm5hdGlvbmFsLWhlYWx0aC1yZWd1bGF0aW9ucy0oMjAwNSktZW1lcmdlbmN5LWNvbW1pdHRlZS1yZWdhcmRpbmctdGhlLWNvcm9uYXZpcnVzLWRpc2Vhc2UtKGNvdmlkLTE5KS1wYW5kZW1pY9IBAA?hl=en-IN&gl=IN&ceid=IN%3Aen,https://lh3.googleusercontent.com/proxy/xn4xYhe1SFznRetRgOQwXLdm6UdQUnbaAFQl65fIL8nahKJd53RFT0ZwKJZyKTUtIqgEaMTlvC4LUjXqs9_OB5vi2MlkIr-kSs19kBnX3y0YNvEtolxN4trE1ZVzGKZpRLkb3ZeWgCjRd5qI_UB8ztUtIg2udfleB6Ql4-gunNh8lux7XvJNmk4d=s0-w100-h100-dcpTSKjqEG,,
10,"Safety Monitoring of Bivalent COVID-19 mRNA Vaccine Booster Doses Among Persons Aged ≥12 Years — United States, August 31–October 23, 2022 | MMWR",bookmark_border,3 days ago,2022-11-03 10:37:44.800009,news.google.com/./articles/CBMiM2h0dHBzOi8vd3d3LmNkYy5nb3YvbW13ci92b2x1bWVzLzcxL3dyL21tNzE0NGEzLmh0bdIBAA?hl=en-IN&gl=IN&ceid=IN%3Aen,https://lh3.googleusercontent.com/proxy/a9XH-S_InrSl0Cq3GJ6zUpkLLxWlJU0gOybh4eappkAR5JqYPiasfjPMxWHTKkufmnfCL4ilxAgY2vV8Lt6uLFyItmghIxqD9LyUf2pG-94Gs_0Q4ZMbOkDqwExA96Al15MgPnExsAhubv06A6yQeWpsT7lVxe4-sLWTzI4Jae0WrDszoALEaueZ1o5kH2l6MnMVvG9zQw=s0-w100-h100-dcgUGO0qQI,,
11,New Covid Variants Are Circulating. Here’s What to Know.,bookmark_border,2 days ago,2022-11-04 10:37:44.800973,news.google.com/./articles/CAIiEKwB5POZdzrXz8PssEOXtEQqFwgEKg8IACoHCAowjuuKAzCWrzwwqIQY?uo=CAUiPWh0dHBzOi8vd3d3Lm55dGltZXMuY29tL2FydGljbGUvY292aWQtdmFyaWFudHMtbmlnaHRtYXJlLmh0bWzSAQA&hl=en-IN&gl=IN&ceid=IN%3Aen,https://lh3.googleusercontent.com/proxy/bile7DL-ZXfRJ1ftirLx_FqErPWaE0DqB0oJHOgPzdTn3fFET91HYna6TeG2Dg6jeAxaigo1h1QcTyswbUgX3Lyle3ZRoa3Z9XBmXPceH_HEQKokfSVH5xm5bnxEIB6iyKmT9z5rpMOif1TMWbro5-pFJXAIMWYZIMyCjNepSd62vEkodgKiptkHcmgzG4e6X_O6bQV39HzJqJkuTQ=s0-w100-h100-dcOTOOMh0I,,
12,Shanghai Disney: Visitors unable to leave without negative Covid test as park shuts,bookmark_border,6 days ago,2022-10-31 10:37:44.800973,news.google.com/./articles/CBMiLGh0dHBzOi8vd3d3LmJiYy5jb20vbmV3cy93b3JsZC1hc2lhLTYzNDU2MTA30gEwaHR0cHM6Ly93d3cuYmJjLmNvbS9uZXdzL3dvcmxkLWFzaWEtNjM0NTYxMDcuYW1w?hl=en-IN&gl=IN&ceid=IN%3Aen,https://lh3.googleusercontent.com/proxy/Gc-r0lMqEP4XF6rrfDz4h28SBJ5SgFuooUIHWoMSIH3lZ1WMpIyHCfRV9Ccazk5HQ4uPo5jFlVXmggovn3Y5puRrHk5BrR1DIgq7pzSwPfoqdqKQ18QGKDBDFuVAWOewKkiKvFIrCqLSLj4gni2zg64498RBw-oOvujRdClK-A=s0-w100-h100-dcCVOEUT0F,,
13,"Coronavirus Roundup: Future Emergency Response Teams Can Learn From Early CDC Mishaps, Says Watchdog",bookmark_border,2 days ago,2022-11-04 10:37:44.800973,news.google.com/./articles/CBMikAFodHRwczovL3d3dy5nb3ZleGVjLmNvbS9tYW5hZ2VtZW50LzIwMjIvMTEvY29yb25hdmlydXMtcm91bmR1cC1mdXR1cmUtZW1lcmdlbmN5LXJlc3BvbnNlLXRlYW1zLWNhbi1sZWFybi1lYXJseS1jZGMtbWlzaGFwcy1zYXlzLXdhdGNoZG9nLzM3OTM0NS_SAQA?hl=en-IN&gl=IN&ceid=IN%3Aen,https://lh3.googleusercontent.com/proxy/r37U-pMlwXz8_V57VRhwL8_mUPC8A4Ka_8GiIArGBhYWdAtqMk_EDi3Nden6E2TYPnH5Yyq_JkZGhnWb6CMmlh1t1FXbm3REs0AO_-9Sg8UJVCtTJI8HGBOMIbewAQU6PGg1NHqmt2ee_zyVjD3PzyI4E6AXvu6RK12x7Q=s0-w100-h100-dcwUCEuLQE,,
14,"U.S. faces pandemic crossroads with Covid deaths still too high and new omicron variants emerging, Fauci says",bookmark_border,2 days ago,2022-11-04 10:37:44.800973,news.google.com/./articles/CAIiEB7kVWsEFnkH4GRBW6noV9cqGQgEKhAIACoHCAow2Nb3CjDivdcCMJ_d7gU?uo=CAUidGh0dHBzOi8vd3d3LmNuYmMuY29tLzIwMjIvMTEvMDMvZmF1Y2ktdXMtYXQtY3Jvc3Nyb2Fkcy13aXRoLWNvdmlkLWRlYXRocy10b28taGlnaC1hbmQtb21pY3Jvbi12YXJpYW50cy1lbWVyZ2luZy5odG1s0gEA&hl=en-IN&gl=IN&ceid=IN%3Aen,https://lh3.googleusercontent.com/proxy/j_L-U9E1gqud9ILRoAcnJIACUI2O-2WD_1LMhNO5q8Ak4ZRv_BXJVe0pzbl6uzIsMoHZSumrChyqaadDpKils82u1_HGPnhxP6xjfIHjbbEIgrLDvLlpBr3TJOvWc9i-ASCRNrvqED6SAbmWJLH7nwhXZNZLOQhnGTOCJ6bDZzkO-JtewUhOpV7JyDI-2hUnxph14x_tN2h1lks0jWmduZL4jakNZjfJbHjMmORZ4eI=s0-w100-h100-dcpSWWzZkJ,,
15,ACT-Accelerator launches six month plan as world transitions to long-term COVID-19 control,bookmark_border,28 Oct,,news.google.com/./articles/CBMigwFodHRwczovL3d3dy53aG8uaW50L25ld3MvaXRlbS8yOC0xMC0yMDIyLWFjdC1hY2NlbGVyYXRvci1sYXVuY2hlcy1zaXgtbW9udGgtcGxhbi1hcy13b3JsZC10cmFuc2l0aW9ucy10by1sb25nLXRlcm0tY292aWQtMTktY29udHJvbNIBAA?hl=en-IN&gl=IN&ceid=IN%3Aen,https://lh3.googleusercontent.com/proxy/01rsuKXKaQvv4eJ8n6xbYiewpoUSa1Sx95RUemAw0dCp-SxrLXYRFOUbqllT8D5xXXJtDUZk-NbTpOjPLF1nAIi7DgGRf9j2hdZ5lNPPqeqLaydy05la2rUw-hkkjYnBNvZmgOHzud4rwgAZRCs7mGw2HS8BhsLN1PihbgqHIC7gv3HifmAfgmbRpHLaIrHkHr7kmLnqoTL341wpFuZimw=s0-w100-h100-dcpQKG7YkL,,
16,Long Covid Symptoms and Stories Vary From Patient to Patient,bookmark_border,5 days ago,2022-11-01 10:37:44.801973,news.google.com/./articles/CBMib2h0dHBzOi8vd3d3LmJsb29tYmVyZy5jb20vbmV3cy9mZWF0dXJlcy8yMDIyLTExLTAxL2xvbmctY292aWQtc3ltcHRvbXMtYW5kLXN0b3JpZXMtdmFyeS1mcm9tLXBhdGllbnQtdG8tcGF0aWVudNIBAA?hl=en-IN&gl=IN&ceid=IN%3Aen,https://lh3.googleusercontent.com/proxy/a0u3Si_4-ur6vxn4Wn-LkzQFyPHF5yHDsFMkiDcLvMtZPMoMgzfz1sIsstBSSh7I8rkQ19uVzD6H_ENj4iEVxdY4NiPElLDi9x-ENRm21pjPP-k2PQGxmXpC_gLNAqJUGv8M2eg=s0-w100-h100-dcEUCOyCTnPHIB,,
17,Investors pile into cash at fastest rate since COVID crisis-BofA,bookmark_border,2 days ago,2022-11-04 10:37:44.801973,news.google.com/./articles/CBMiRmh0dHBzOi8vd3d3LnJldXRlcnMuY29tL21hcmtldHMvZ2xvYmFsLW1hcmtldHMtYm9mYS11cmdlbnQtMjAyMi0xMS0wNC_SAQA?hl=en-IN&gl=IN&ceid=IN%3Aen,https://lh3.googleusercontent.com/proxy/7TH2yNDzmSxjxA1RxapeJC1I3C9_N-nVrUkwCFNlTnaYGfxy0loIYbS-xnhAi0i4sg-teZ16zaQcKzT1aCywxoBeTAjIaMWMDef4UDOhe9kLgXkzQeT3gU88jsoLiyk6TkWA9bTRCFvFH-i-EFTWYy2-CBYhxL0=s0-w100-h100-dcJWSArSkI,,
18,"Coronavirus: If you had COVID, several of your organs could be aging 3-4 years faster, study finds",bookmark_border,20 Oct,,news.google.com/./articles/CAIiEBjPC85d9_wWIbC0_fXlseMqGQgEKhAIACoHCAowzrL9CjDC7vQCMPWw5QY?uo=CAUiwQFodHRwczovL3RpbWVzb2ZpbmRpYS5pbmRpYXRpbWVzLmNvbS9saWZlLXN0eWxlL2hlYWx0aC1maXRuZXNzL2hlYWx0aC1uZXdzL2Nvcm9uYXZpcnVzLWlmLXlvdS1oYWQtY292aWQtc2V2ZXJhbC1vZi15b3VyLW9yZ2Fucy1jb3VsZC1iZS1hZ2luZy0zLTQteWVhcnMtZmFzdGVyLXN0dWR5LWZpbmRzL3Bob3Rvc3RvcnkvOTQ5ODc5MDYuY21z0gEA&hl=en-IN&gl=IN&ceid=IN%3Aen,https://lh3.googleusercontent.com/proxy/t3DZNODwmYhhp7RtoHbNIoFLsy6DfzPtGg0lotYwk1ktOOokPfsZrdpQXp__6lfh_Xxa7lP2GdzY8Yt318Iov_BFOmdhCEk=s0-w100-h100-dcESCGpaWoBqOapg1esh4,,
19,"A new COVID wave looms, but cost-of-living pressures mean sick workers are still showing up for work",bookmark_border,10 hours ago,2022-11-06 00:37:44.802973,news.google.com/./articles/CAIiEKRVti8fJUsVqNIy46EFKs4qFggEKg4IACoGCAow3vI9MPeaCDDciw4?uo=CAUiXmh0dHBzOi8vd3d3LmFiYy5uZXQuYXUvbmV3cy8yMDIyLTExLTA2L3Blb3BsZS1hcmUtc2hvd2luZy11cC10by13b3JrLXNpY2stb3ItaW5qdXJlZC8xMDE2MTQxOTLSAQA&hl=en-IN&gl=IN&ceid=IN%3Aen,https://lh3.googleusercontent.com/proxy/H54-0yNZgDv7OlAHy-5CXX8EFe4UPkfawL5V5nCIRLcbpmWe3e6hGYLqRgW8XADfzuRZAQwLuG7mxdYBvbTeLF3OHzXu3p-n-xcbpM6X6N2HLv3GESMbgchoj9OqMl1TejSoBZGPR95XvOld2Vnaei46ld1xLx7_9pzMBm-Yks3ZIcAnD_FOjh1fOmlyKnWsNGGTgDQuw9C69qu1E0zDn2rfmk5GECpaBaWfPLtc9EMW6MhlKRAOmzO4SQ=s0-w100-h100-dcMTOGUCEG,,
20,The ProPublica-Vanity Fair report on Covid’s origins is explosive. Is it reliable?,Opinion,3 days ago,2022-11-03 10:37:44.802973,news.google.com/./articles/CBMicmh0dHBzOi8vd3d3LnRoZWd1YXJkaWFuLmNvbS9jb21tZW50aXNmcmVlLzIwMjIvbm92LzAzL2xhYi1sZWFrLXRoZW9yeS1yZXBvcnQtcHJvcHVibGljYS12YW5pdHktZmFpci1pcy1pdC1yZWxpYWJsZdIBAA?hl=en-IN&gl=IN&ceid=IN%3Aen,https://lh3.googleusercontent.com/proxy/Gt1IJKCAvMiu_Wv1t_XhpaGRYoHkofzu6pIYISXLxFS2Wi1RCJQiOdmrXe30Srs60DDQamIroXzUkT65vES8MxwpPLRJ7RtaQGMjpS8EFp9RIaiFoMNbMBxQiAlglQXxT49bnlXHj_Kfudk5YqH4TW0yHaVMMrWArrVUB9ghXP5V3deoo2AMIW-Qk3pkAAP7BHhjnmpG-52ZoKENmGo3ixyDy4ahU7YY2yWDqeFLrXnYCTP1pGuChBo4rCzGxdRVRL1wwqgGsJaHUwMppWx29ParIMHzh4k5e9Vjx2glKtJHR1_O7Z5oNZj6h7aXdfqKS4VBImnGqJK7eCXoiJFzjLkJsxr4B_G7IycmezCqGKH5UHOE7QNpUEAj7oX8bC0qiZC59pFFiBn_bNIj_-r9X_phHKYLj1445IbrsNmkSCL2iHMnGwfjQAyoAo1xAH3O5dAJjrGwAbtDUQ=s0-w100-h100-dcKYKA7uRge~sB,,
21,"In Bid to Show It Is Open, Hong Kong Bends Covid Rules … for Some",bookmark_border,22 hours ago,2022-11-05 12:37:44.802973,news.google.com/./articles/CAIiEJKUQjWJYZVb4pGMJchbppIqFwgEKg8IACoHCAowjuuKAzCWrzww9oAY?uo=CAUiRmh0dHBzOi8vd3d3Lm55dGltZXMuY29tLzIwMjIvMTEvMDQvYnVzaW5lc3MvaG9uZy1rb25nLWNvdmlkLXJ1bGVzLmh0bWzSAQA&hl=en-IN&gl=IN&ceid=IN%3Aen,https://lh3.googleusercontent.com/proxy/pO_40twG-YYe6KzcqZ3-vb2kryxMcz6B5py5CPXcbUAofS81wwA36o8U2M-CRZ-tXlrRvQUhLMQ32Wrr7NkZCOVBZnWKd_NiNrhBXVRGyOKlHroQUtCYEzH2YdC8bG8rHZHgXt_0uD0UvkCdB9zw8CliEYPpWDaDhZG41g7aItM0Lcds_5z0IkNrXNmjqAzkwlfzXH4axmGT=s0-w100-h100-dcgZOEzs0C,,
22,What to do if you test positive for Covid right before a Thanksgiving or holiday gathering,bookmark_border,3 days ago,2022-11-03 10:37:44.803977,news.google.com/./articles/CAIiEDAG5PCrqSe2KZpcw_lFZcQqGQgEKhAIACoHCAow2Nb3CjDivdcCMPLg7gU?uo=CAUiY2h0dHBzOi8vd3d3LmNuYmMuY29tLzIwMjIvMTEvMDMvd2hhdC10by1kby1pZi15b3UtdGVzdC1wb3NpdGl2ZS1mb3ItY292aWQtcmlnaHQtYmVmb3JlLWhvbGlkYXkuaHRtbNIBAA&hl=en-IN&gl=IN&ceid=IN%3Aen,https://lh3.googleusercontent.com/proxy/BeWjBYzABglmm_5J9t7g4yoWjliYMgwrcKgx0ICbwaREfGwP_30ea8d5P5GtLbkFt34h4ALYzi0GPYqY9XeR0hmU2Y45D49CdlHTFLIHfbayKhQWS7cnhn0OhYb53u3_sikiKDExTf38Jm3NSfgwNWyiG6RYVVi8EsGxiTfAXyytJbAHJyclGekoECiryt6OqKu5SHKYo4jxemGrVwvBiiHZp3OCfbM2aA=s0-w100-h100-dcASKI0KznwOQC,,
23,"An Ohio man is charged with a hate crime, accused of attacking an Asian-American student and blaming him for Covid-19",bookmark_border,10 hours ago,2022-11-06 00:37:44.803977,news.google.com/./articles/CBMiUmh0dHBzOi8vd3d3LmNubi5jb20vMjAyMi8xMS8wNS91cy9vaGlvLWhhdGUtY3JpbWUtYXNpYW4tYW1lcmljYW4tYXR0YWNrL2luZGV4Lmh0bWzSAVZodHRwczovL2FtcC5jbm4uY29tL2Nubi8yMDIyLzExLzA1L3VzL29oaW8taGF0ZS1jcmltZS1hc2lhbi1hbWVyaWNhbi1hdHRhY2svaW5kZXguaHRtbA?hl=en-IN&gl=IN&ceid=IN%3Aen,https://lh3.googleusercontent.com/proxy/mZ0-Me-6QSWaFZ6Io82QBELfjYWAT2V5OInHPXZXHc0xvrXo6BAyyrsax8l39jJ69xYceIgjIs8Y_BlYalyYkYbst_uL-D6r1Oz-lWQ3I8QQton-jaKzVqxBrUi4pN3i5XYIvvJ7uwv2ctsRgcRfiTVEOOc0mIfgu15kBpZFKGOpv75U9NtPcNTgieRHc3VtB2gUDbXm0e1hT5cxcEI9BDgSOnGyXJ-TDfS6kej8uMrIWj8Os90fhED1P-VsO9-JpLW9KVy8ua7Tu0bw7J0=s0-w100-h100-dcGcSKasEE,,
24,"High-dose coenzyme Q10 therapy versus placebo in patients with post COVID-19 condition: A randomized, phase 2, crossover trial",bookmark_border,4 days ago,2022-11-02 10:37:44.803977,news.google.com/./articles/CBMiU2h0dHBzOi8vd3d3LnRoZWxhbmNldC5jb20vam91cm5hbHMvbGFuZXBlL2FydGljbGUvUElJUzI2NjYtNzc2MigyMikwMDIzNS02L2Z1bGx0ZXh00gEA?hl=en-IN&gl=IN&ceid=IN%3Aen,https://lh3.googleusercontent.com/proxy/BnBgyW8VxD8YPEu-pBSacxZBTdoUnVov2pvwUZudPwwEpH-i8UCJTNKESEG9hckUlAzlog2do5CE1ukZylBJYXHFOVrBNRHbS332qokh9DHSYAlDcIvCSWKRUQOX9xYDF7JUAXLdVB6Aw3e1yd1Aqg=s0-w100-h100-dcJVSIzq0H,,
25,Tuberculosis deaths and disease increase during the COVID-19 pandemic,bookmark_border,27 Oct,,news.google.com/./articles/CBMibmh0dHBzOi8vd3d3Lndoby5pbnQvbmV3cy9pdGVtLzI3LTEwLTIwMjItdHViZXJjdWxvc2lzLWRlYXRocy1hbmQtZGlzZWFzZS1pbmNyZWFzZS1kdXJpbmctdGhlLWNvdmlkLTE5LXBhbmRlbWlj0gEA?hl=en-IN&gl=IN&ceid=IN%3Aen,https://lh3.googleusercontent.com/proxy/Up_v2XNj__Nb_5d880gTEvqh6yRJVsoaFhkxLksEeyP6iq9_mNprTYPI_24Oo5hvzcjdAeDgMJ3dfuhWCeo85S1hnZupeWj-rwMmSLPs_qJGJsfyvaWHv6fwOdvMJYhJlPKSkX__ySBMOanpa6wYHLMuSAsQszuSklHenJR8N-tx4to=s0-w100-h100-dcgTCYt6QouaUC,,
26,Germany’s Leader Seeks Accord With China on Covid Vaccines,bookmark_border,2 days ago,2022-11-04 10:37:44.804986,news.google.com/./articles/CAIiECD-iJJdSh1dPiaaK1DuH50qFwgEKg8IACoHCAowjuuKAzCWrzww9oAY?uo=CAUiTGh0dHBzOi8vd3d3Lm55dGltZXMuY29tLzIwMjIvMTEvMDQvYnVzaW5lc3MvZ2VybWFueS1jaGluYS1jb3ZpZC12YWNjaW5lLmh0bWzSAQA&hl=en-IN&gl=IN&ceid=IN%3Aen,https://lh3.googleusercontent.com/proxy/00G3th_0QebFqYe8ZU5e4qrh8fd4FUQiQpoZVeIvSOwi3_JMZALlAxy9ZplWpArZ_n3lkcETXKvUEJAHZZYC8OMyCnpjamz0_vZuIQPaTXWQmg7xFl3QWDKuqK_axvgLOINTVMdUGy_BhcGsA01hOegkONYy1hcD8dmOykRKk90wJl6ZEcFLRpo8o0tlqtKboXMNNo3z=s0-w100-h100-dckUKOCKVoku8B,,
27,Researchers create new model to detect COVID's effects using chest X-rays,bookmark_border,4 days ago,2022-11-02 10:37:44.804986,news.google.com/./articles/CBMiY2h0dHBzOi8vbm93LnVpb3dhLmVkdS8yMDIyLzEwL3Jlc2VhcmNoZXJzLWNyZWF0ZS1uZXctbW9kZWwtZGV0ZWN0LWNvdmlkcy1lZmZlY3RzLXVzaW5nLWNoZXN0LXgtcmF5c9IBAA?hl=en-IN&gl=IN&ceid=IN%3Aen,https://lh3.googleusercontent.com/proxy/QN8J7nrGGIpFxA7ui1QACepJYgD9VJWcb-fouTO45Wn0_nW3Ln0aQ_Q-mcEFSXIevvJIqlEek-f-UHYt02BuENShvznfmWLep4QGCVZiriTHdEbl-ds7Vy2kJAl5JxHVF1XoVMofO3nrTo9a0GsZ-dWWURSWYrP44kCzN4iJ2mTQl_Q3CQJ1pMNJ4JDntgZAWBO_e4qAIK27arOAJ7w=s0-w100-h100-dcFSKKCqEG,,
28,COVID-19 pandemic erased decade of progress in lowering heart disease death rate,bookmark_border,3 days ago,2022-11-03 10:37:44.804986,news.google.com/./articles/CBMieWh0dHBzOi8vd3d3LmhlYXJ0Lm9yZy9lbi9uZXdzLzIwMjIvMTEvMDMvY292aWQtMTktcGFuZGVtaWMtZXJhc2VkLWRlY2FkZS1vZi1wcm9ncmVzcy1pbi1sb3dlcmluZy1oZWFydC1kaXNlYXNlLWRlYXRoLXJhdGXSAQA?hl=en-IN&gl=IN&ceid=IN%3Aen,https://lh3.googleusercontent.com/proxy/4LrkpNatbvR-xHnSbm0pmhA5G5DIufmGOdvRSUXLg5GLjPs5Ff1WjoDC8zbVHjt_GSipSraN8u7Bh91O1U6rbIvyCSwMHErg5dykJdURek2PDBAsJZxz2s4fm_etY2vOzRPmQVv8I4uB3N0-pa3IHeCmx7Kt72xo=s0-w100-h100-dcHbOIMkkE,,
29,Immunomodulatory fecal metabolites are associated with mortality in COVID-19 patients with respiratory failure,bookmark_border,2 days ago,2022-11-04 10:37:44.805973,news.google.com/./articles/CBMiMmh0dHBzOi8vd3d3Lm5hdHVyZS5jb20vYXJ0aWNsZXMvczQxNDY3LTAyMi0zNDI2MC0y0gEA?hl=en-IN&gl=IN&ceid=IN%3Aen,https://lh3.googleusercontent.com/proxy/DJLfRqb3KH-_f_TZmvsmlkVP4gLeVCaaIHWhnfQrOt-hdD2pltGTzQjrYJuGqc00bKo3eSU4_Gu_qT_nsV4GXf6J23dFvA_4SRX17pZUDMfXBeUEhJT6PsTJdQ1lH2FKeOpF-l-YgqiuXqKr7KLZkCIvtNmXIaxAgLw3PxJbSWArxIpCauqib9fxU9TCgFC5Pl4xo_MnGcR8IvHlJXOkzXrqLuBCrQ=s0-w100-h100-dcAQGM5RAI,,
30,China's Covid controls are pushing companies to diversify away from a 'start-stop economy',bookmark_border,3 days ago,2022-11-03 10:37:44.805973,news.google.com/./articles/CAIiEGICoWFfoD9mdMAOvSIBcFMqGQgEKhAIACoHCAow2Nb3CjDivdcCMJ_d7gU?uo=CAUiZWh0dHBzOi8vd3d3LmNuYmMuY29tLzIwMjIvMTEvMDMvY29tcGFuaWVzLWxvb2stdG8tZGl2ZXJzaWZ5LWFzLWNoaW5hcy1jb3ZpZC1jb250cm9scy10YWtlLWEtdG9sbC5odG1s0gEA&hl=en-IN&gl=IN&ceid=IN%3Aen,https://lh3.googleusercontent.com/proxy/ZQBupLtYJLw5nT1moHWpVOwOVbqCBXjKVElOnJuBkB0mpWx_nWaHAXgGQXP0ZY53VZgkO2uEQwavXOo6r7tGvyxQbWT3zYyENIEaVo2EPGwbawquTWVR3-aec8J7AGFs2Jge-mYTJE7noomtJ-hZ13RphmFd5J57adjN_Jle70Of0N86y9TYuHz0SxzuQgiECSBmdfatHwgM-jhn5IQr=s0-w100-h100-dcAYCQjrAF,,
31,Pfizer Hiking Covid Vaccine Prices Against Weaker Demand Speaks Volumes About U.S. Healthcare,bookmark_border,5 days ago,2022-11-01 10:37:44.805973,news.google.com/./articles/CAIiEBeEZ92sszv3gEW7Z4iHv3kqFQgEKg0IACoGCAowrqkBMKBFMMGBAg?uo=CAUiqQFodHRwczovL3d3dy5mb3JiZXMuY29tL3NpdGVzL2pvc2h1YWNvaGVuLzIwMjIvMTEvMDEvcGZpemVyLXdpbGwtcmFpc2UtdGhlLXByaWNlLW9mLWl0cy1jb3ZpZC0xOS12YWNjaW5lLWFsbW9zdC1mb3VyZm9sZC0tcmV2ZWFscy11bmlxdWUtZmVhdHVyZS1vZi11cy1oZWFsdGhjYXJlLXByaWNpbmcv0gEA&hl=en-IN&gl=IN&ceid=IN%3Aen,https://lh3.googleusercontent.com/proxy/fbMm2Nm9EkzlwoyV0wp2Jswhz0AK7pjVZIwvmspAiiC7uhWp1DeOaNLlh3zd18kaHtihDHRojyjMsOCCjAYxRXj4pV3J7nsjJuWxiB52dC9AhXE7XgzcPnNxfsPqNH59xkGCqyRzKidpRL--Ic7sobAKf53AAP92SMOf6VkJ0K82ITBNvbU5=s0-w100-h100-dcDZOEKlojog0C,,
32,Hong Kong Rugby Sevens is back. Rugby union says demand is high despite Covid measures,bookmark_border,2 days ago,2022-11-04 10:37:44.807102,news.google.com/./articles/CAIiEEpl9yXVuWMyJImc83brvV4qGQgEKhAIACoHCAow2Nb3CjDivdcCMP3ungY?uo=CAUiV2h0dHBzOi8vd3d3LmNuYmMuY29tLzIwMjIvMTEvMDQvaG9uZy1rb25nLXJ1Z2J5LXNldmVucy1iYWNrLWJ1dC1jb3ZpZC1ydWxlcy1yZW1haW4uaHRtbNIBAA&hl=en-IN&gl=IN&ceid=IN%3Aen,https://lh3.googleusercontent.com/proxy/uHgE04nhDRpTXm6K8a0feZlnunVaIdupArJIgsTZa5DTIC1JqjMorEnwcnwf0D9wuQnpDNAvS0IEIKaMAam_IdejlcIZN8ZEbiA8yFS3MThl3Io7lbRyHrM-9M34g7V5sw5fzmUUH3jeNA0gzSsqXC5NQtFHgeziKytK5-BVHDZaw_IzSTWdsjh6wzgYC5EYg-T1QYa5beD2KXrlmBpTYKQjXqtBVi-kuZMXker3VXk80xGyF3mF=s0-w100-h100-dcATKG6ECkmQkC,,
33,New covid variants have arrived. How worried should you be? | Mint,bookmark_border,21 Oct,,news.google.com/./articles/CAIiEMWtB5oT_vjjV_l9vBh7KeoqFwgEKg4IACoGCAowxLQ_MNevCDDnvNMF?uo=CAUidWh0dHBzOi8vd3d3LmxpdmVtaW50LmNvbS9zY2llbmNlL2hlYWx0aC9uZXctY292aWQtdmFyaWFudHMtaGF2ZS1hcnJpdmVkLWhvdy13b3JyaWVkLXNob3VsZC15b3UtYmUtMTE2NjYzMjAyMjIxMTAuaHRtbNIBAA&hl=en-IN&gl=IN&ceid=IN%3Aen,https://lh3.googleusercontent.com/proxy/PgEgG0FUPtPJfDjLYQPSA14fhtvDDBOa9eBkkGIBQmnOdcwE43aiH1OQZL4xGJ0_P1fVe1O6X1zq_5Tzld2xA6FObBGzOoh7PXNwygzmtg6dPB3mQDyOt_c6YhVNukkXTAEOyyGm6oYAEBdjaylYDBQZtkPYV7ygS0p3yRQPhBKQpA=s0-w100-h100-dcFSGMSZoJ,,
34,Father of three-year-old blames China’s zero-Covid policy for son’s death,bookmark_border,3 days ago,2022-11-03 10:37:44.807102,news.google.com/./articles/CAIiEGHEpPEbaMOOV8g__nNvOigqFwgEKg4IACoGCAowl6p7MN-zCTClss0G?uo=CAUidWh0dHBzOi8vd3d3LnRoZWd1YXJkaWFuLmNvbS93b3JsZC8yMDIyL25vdi8wMy9mYXRoZXItb2YtdGhyZWUteWVhci1vbGQtYmxhbWVzLWNoaW5hcy16ZXJvLWNvdmlkLXBvbGljeS1mb3Itc29ucy1kZWF0aNIBAA&hl=en-IN&gl=IN&ceid=IN%3Aen,https://lh3.googleusercontent.com/proxy/-IavZfiGFH0_3b_-N29_JFZlPH0wcasKmqNWFotAmWtTeal27HSO2n9O6IT6HuyGNSwKhQYYxsCXOWqF8iz-R_OpymOxeIGHDdiR5a0ktj5MfGVZTIMMq9-weIRyGE3cOcK_QwrcSmnYpG6uj83_YNeY_ZKNJXs3-jzkFzMbYR5zhyWEqX9lb2j4iialWJm8iBM4YazeyFaSSkv5Mwe7oaPgbVV9rVseqy1adiHA5aZ4wYNBS0k9F10f81GkA5qZZoSnnZQTHAfw6acyrQYCDubVhw4YeBCkIXzoJhH84ASYP4LLchV206Yrl1Cx7hjmL8e2mPFiVjgw-6HI-44GTVt34Ixab4JLhaIWci8oHDjj0EGLz0fEKagCgswbwsp1_UxdfweHFBC3_EeAhcKL8yTpLd5JOFk8sQQu-lmriADOAndWQJjGwyJammsb_p0QmSPXDp_DaMvO=s0-w100-h100-dcmQGAtmShkkID,,
35,Explained: Was Covid Virus Made In Lab? A Pre-Print Study Brings Focus Back To Covid Lab Origin,bookmark_border,29 Oct,,news.google.com/./articles/CAIiEFF-LwjwuqwKVzvh7SVEygcqGQgEKhAIACoHCAowgdPwCjC6rbsCMPOemwY?uo=CAUilwFodHRwczovL3d3dy5vdXRsb29raW5kaWEuY29tL2ludGVybmF0aW9uYWwvY292aWQtb3JpZ2luLXdhcy1jb3ZpZC12aXJ1cy1tYWRlLWluLWxhYi1hLXByZS1wcmludC1zdHVkeS1icmluZ3MtZm9jdXMtYmFjay10by1jb3ZpZC1sYWItb3JpZ2luLW5ld3MtMjMzNDMy0gEA&hl=en-IN&gl=IN&ceid=IN%3Aen,https://lh3.googleusercontent.com/proxy/wJZYmzwmvRX-Mip00yfuKlX1rg1UReSTVHUKDQIMYQ3JDKHwpD6Jz8yG-aKFGzMQjmzQM2LGV6Nqwv9hFYvFwQggZonePr_i1OjoVWkHkKqW7zBG3hbzUF_LNZEsugW1HceBHWufxbyq272X34G4hq-l5AO-vCPpz3QlBXK_m0Ao3TU7i4kHMyc5=s0-w100-h100-dcFTCKaKYnLmcC,,
36,"COVID-19 testing in a deprived local authority: Hackney, London",bookmark_border,3 days ago,2022-11-03 10:37:44.807987,news.google.com/./articles/CBMiaGh0dHBzOi8vd3d3Lmdvdi51ay9nb3Zlcm5tZW50L2Nhc2Utc3R1ZGllcy9jb3ZpZC0xOS10ZXN0aW5nLWluLWEtZGVwcml2ZWQtbG9jYWwtYXV0aG9yaXR5LWhhY2tuZXktbG9uZG9u0gEA?hl=en-IN&gl=IN&ceid=IN%3Aen,https://lh3.googleusercontent.com/proxy/oINJHlP8L_0w8uSVYAH7QzUmzj7O5hlWRuAfKysI1X124AooeM1RhGmN8Bah_KHzdXPnslmuqHvBufyMeygkWrrlsZgYG7MUCIDCRz2YU_CBq1QmJDkhCEUkJLyqJR8ZEgy05qahFj2z8R6HZnL5gdxOXinmv8zVq7QOsTBm7oT2rumHTmf2FUiuUjtVAI-m4m29zzaDsVlep48_gD8-39dxJ70XmZ5Oa_9_rj5qQgBjKw=s0-w100-h100-dcqVOOcakI,,
37,China's Lenovo posts first revenue drop in 10 quarters as COVID lockdowns weigh,bookmark_border,3 days ago,2022-11-03 10:37:44.807987,news.google.com/./articles/CAIiEPnYmWlsUSe5BNGZXpVS5CUqFggEKg0IACoGCAowt6AMMLAmMNT5lwM?uo=CAUid2h0dHBzOi8vd3d3LnJldXRlcnMuY29tL3RlY2hub2xvZ3kvY2hpbmFzLWxlbm92by1wb3N0cy1maXJzdC1yZXZlbnVlLWRlY2xpbmUtMTAtcXVhcnRlcnMtbWFya2V0LWhpdHMtYnJha2VzLTIwMjItMTEtMDMv0gEA&hl=en-IN&gl=IN&ceid=IN%3Aen,https://lh3.googleusercontent.com/proxy/o8VKJqwk_yszOoYF7TDip45V1kDCdqYUmXx-dKZ8UEufEGry33dQ1kwmfKV-oLdrMx1taNUFgzT5aLrOfrQ6ExT92w6fpQnad_KOusH1oUjAQO49SDm4E8pAG1hVfWqHM4VGUguZldxHlr6Da0t4pXGb73nKmi0=s0-w100-h100-dcJXOkKyEK,,
38,Analysis: EU’s CO2 emissions fall 5% in three months after post-Covid surge,bookmark_border,3 days ago,2022-11-03 10:37:44.809000,news.google.com/./articles/CBMiZWh0dHBzOi8vd3d3LmNhcmJvbmJyaWVmLm9yZy9hbmFseXNpcy1ldXMtY28yLWVtaXNzaW9ucy1mYWxsLTUtaW4tdGhyZWUtbW9udGhzLWFmdGVyLXBvc3QtY292aWQtc3VyZ2Uv0gEA?hl=en-IN&gl=IN&ceid=IN%3Aen,https://lh3.googleusercontent.com/proxy/gUXjWQsedHN4ZacARKFfQ8TW0q7SPTaO08HbXQgx6Be3BeedA-5315JWd7hrjmAKphlzkDFIuRGFb0aDUDzXrjTTPZQW-6PpkRrTNpmuHXhhEmtcSkMRLqGlvUI2=s0-w100-h100-dcAZCShT4H,,
39,ASK MISS RONA: Updated COVID-19 boosters,bookmark_border,2 days ago,2022-11-04 10:37:44.809000,news.google.com/./articles/CBMiU2h0dHBzOi8vcHVibGljaGVhbHRoaW5zaWRlci5jb20vMjAyMi8xMS8wMy9hc2stbWlzcy1yb25hLXVwZGF0ZWQtY292aWQtMTktYm9vc3RlcnMv0gFXaHR0cHM6Ly9wdWJsaWNoZWFsdGhpbnNpZGVyLmNvbS8yMDIyLzExLzAzL2Fzay1taXNzLXJvbmEtdXBkYXRlZC1jb3ZpZC0xOS1ib29zdGVycy9hbXAv?hl=en-IN&gl=IN&ceid=IN%3Aen,https://lh3.googleusercontent.com/proxy/YNrZicfi6_h784Thz8aQomo9MFnCp-len75MLENaS56N0RYP2IsSPhUL2UVMlW6ZQRR-7h_b2q5DRMQB2Dh7Utqq726yqSbpNA5-xsRi9RiNdajfPl_ru5EqRFpulz1HSmYsGfz_xRkmgJYCBE2JHddhwNC7ERxeo7DPenWBWg_pO6i1YyiT-dNeABKVBZXu=s0-w100-h100-dcHVSKiyUG,,
40,Governor Inslee Ends the COVID-19 Emergency,bookmark_border,3 days ago,2022-11-03 10:37:44.809000,news.google.com/./articles/CBMib2h0dHBzOi8vbXJzYy5vcmcvSG9tZS9TdGF5LUluZm9ybWVkL01SU0MtSW5zaWdodC9Ob3ZlbWJlci0yMDIyL0dvdmVybm9yLUluc2xlZS1FbmRzLXRoZS1DT1ZJRC0xOS1FbWVyZ2VuY3kuYXNweNIBAA?hl=en-IN&gl=IN&ceid=IN%3Aen,https://lh3.googleusercontent.com/proxy/Q9G8378eopbaK3thQri5lmIeF-SNjhV6zZiuvPVJH0zsaqq50Dgr59odd_ODaGEgrsCjkqrDvnLE07nnIwG4tTahrCs-SRhbXmMeCtBmmlGF58d1jWghVYaE0hbIJnfqKwNNic1873IZhjofcvadmKhToRq0ttH0LMSSTQuykjQb7xB8bmLzbN08ZFkKeFlY4wXyoKnNbsjg=s0-w100-h100-dcoXOQra0G,,
41,Covid conversations are harder than ever now—these 3 expert tips can help,bookmark_border,3 days ago,2022-11-03 10:37:44.809985,news.google.com/./articles/CAIiEMgEN7vLhJM1UGULpOEzEWMqGQgEKhAIACoHCAow2Nb3CjDivdcCMJ_d7gU?uo=CAUiaWh0dHBzOi8vd3d3LmNuYmMuY29tLzIwMjIvMTEvMDEvd2hhdC10by1kby1pZi1zb21lb25lLWhhcy1sb3dlci1oaWdoZXItY292aWQtcmlzay10b2xlcmFuY2UtdGhhbi15b3UuaHRtbNIBAA&hl=en-IN&gl=IN&ceid=IN%3Aen,https://lh3.googleusercontent.com/proxy/rD9fOsatQxNq0DDvkgFHh9NEgNGk51kTd5skhJrWFF1ZPeIHksaFcAO2_fuojt-qtilY9NS8P-nwB5-kznRFV5n8tzvJIts3e9PDuMll7bkculPkeT3_2veaOBmoIjidBmS0N6VZzC3_COdNxG9YC85O389H2ZCU27rjFy0Yu7E-Xqe81-XA=s0-w100-h100-dcmRKUaZ5pRQMD,,
42,Russell Furr on COVID-19 and the 'new normal' - Stanford Report,bookmark_border,4 days ago,2022-11-02 10:37:44.809985,news.google.com/./articles/CBMiSGh0dHBzOi8vbmV3cy5zdGFuZm9yZC5lZHUvcmVwb3J0LzIwMjIvMTEvMDIvcHJvdGVjdGluZy1jb3ZpZC1uZXctbm9ybWFsL9IBAA?hl=en-IN&gl=IN&ceid=IN%3Aen,https://lh3.googleusercontent.com/proxy/4JXxzIOPGIbYH3XqqbVhkXlZ0VXYL7loaEfFoO7BeaK8eRATp-50143jJ4cvlBVjeWB2iud-K0UO_-zVNWFVbYEtRCGBeA2wH3DbzIkL0akEQCro7K-XvWHVfyqWWen6jg1zCvuiuruZ72fDHVvq=s0-w100-h100-dcPSSQUhUK,,
43,Gut microbiome dysbiosis in antibiotic-treated COVID-19 patients is associated with microbial translocation and bacteremia,bookmark_border,5 days ago,2022-11-01 10:37:44.809985,news.google.com/./articles/CBMiMmh0dHBzOi8vd3d3Lm5hdHVyZS5jb20vYXJ0aWNsZXMvczQxNDY3LTAyMi0zMzM5NS020gEA?hl=en-IN&gl=IN&ceid=IN%3Aen,https://lh3.googleusercontent.com/proxy/8uACrCgQFExQBRkBERiq8CsncawR8YesqnC_j8zOCFQ4imXBT-G6R-NIsCWNyL2GMDkn5AA_hqKek8jl8z807SYS1-UcV4QB_U7lZvACQrqtHIrqQDe-Du-zf_NvxOlaa9d1vWNUfS8AyU0YYsx8pJBd9-cTOizkLs_GoUvn4OAqu7hdWbBk1Sw0nweOPb_P5iZkieTxKAH8n4j5lodC606hBlIHPA=s0-w100-h100-dcARCGwKAkLQXb0kU,,
44,Stocks in Hong Kong log best week in more than a decade,bookmark_border,2 days ago,2022-11-04 10:37:44.809985,news.google.com/./articles/CAIiECRCKHU3b4QS3XbKWD3GMCIqGQgEKhAIACoHCAowocv1CjCSptoCMMSUnAY?uo=CAUiSmh0dHBzOi8vd3d3LmNubi5jb20vMjAyMi8xMS8wNC9pbnZlc3RpbmcvY2hpbmEtaG9uZy1rb25nLXN0b2Nrcy9pbmRleC5odG1s0gEA&hl=en-IN&gl=IN&ceid=IN%3Aen,https://lh3.googleusercontent.com/proxy/42sRcVgFmAMwUp8J4f2z40NJbPokpLK35Cm-_4tQPSxw1Y3uwPhvErDzmLw10c3aZ_efN8-iwttQ0p7oUO_s5mEMgg8Tb5vlh_hbrSUC5Odr4-GMHZImwAQGWXjStIG4UzFpbrGcMULqsRg3at_N_G-GED49gGYDpa9zRuN7dCk-1CfqM9DjKCgCy2Subv6wm0hCu-kFe_7sHxb0C-uOq16KZPB1r0PLOuFazhdpT_YySkc3tt5nOA135XVmHRE=s0-w100-h100-dcAWCGA6tnVNUA,,
45,When should you get a COVID booster? Experts say before holidays,bookmark_border,Yesterday,,news.google.com/./articles/CAIiEOzREu-ZNnfOVH0KfCkxqeoqGQgEKhAIACoHCAow4P_3CjD_3tgCMMiK7QU?uo=CAUiYmh0dHBzOi8vd3d3LmRlc2VyZXQuY29tL3V0YWgvMjAyMi8xMS8zLzIzNDM4NzY3L3doZW4tc2hvdWxkLXlvdS1nZXQtdGhlLXVwZGF0ZWQtY292aWQtYm9vc3Rlci1zaG900gEA&hl=en-IN&gl=IN&ceid=IN%3Aen,https://lh3.googleusercontent.com/proxy/6O6vE66E_V_4EyNXZvbafdjKGyArusAGRNAikKURqpnDv60C9VBanQLZlwG-2bSnLs9Zq_mTwKjeIpf0NWEQdXI2-P4f3TMMtJZWNVeBso4IHEKSRejjv53z_qAqSpGJ8EdwPaVfqmetlDA4x0BDANAV62R0H3LUBRWKwyzbrqJbKCeScYJGQ7OsEOllDmAVaYU5XixC9VeYmRcNjSVsc6ZWuXC9YzFpn3TSMOMUJMk9WRRqpNY_jNoYHGzbJ0wlUBP6_-7JMeBv0uW95-TZFQCF2Wp_CYyEqp0xzr-H4FmzC4e9GNj-VP6R-wwQyjwg4NohcsvL5PcZxCcY9pJZ-9I3qZru6rvUFxvsVtBGctdWNnt1alflpIlfDtBbEHdn2o1lq-n3RHLXZNjFqrawPCKQEGiY0Djf4OrtN0wccNZy2x2nbmkFR3AhBxJiROYOfeggxdqlUqQSwpIsiNd8QPUfoNJuoo1bbB94xB-jZD94H96UYVsuk3WiQlHvGg-CmZlxhU0=s0-w100-h100-dcARKOgJ8I,,
46,China braces for wave of workers fleeing iPhone factory in Covid-hit Zhengzhou,bookmark_border,6 days ago,2022-10-31 10:37:44.810985,news.google.com/./articles/CAIiEBkjfdEigzE_szLQ3cOqjLoqFggEKg4IACoGCAowl6p7MN-zCTDMwRU?uo=CAUigQFodHRwczovL3d3dy50aGVndWFyZGlhbi5jb20vdGVjaG5vbG9neS8yMDIyL29jdC8zMC9jaGluYS1icmFjZXMtZm9yLXdhdmUtb2Ytd29ya2Vycy1mbGVlaW5nLWlwaG9uZS1mYWN0b3J5LWluLWNvdmlkLWhpdC16aGVuZ3pob3XSAQA&hl=en-IN&gl=IN&ceid=IN%3Aen,https://lh3.googleusercontent.com/proxy/4YBjY6SvFq7Uo3p9fVvvGs8wZrJNBrX6ikWitmPOqUczpP_oJA1xcyB7-bCS4M5FiHIJczDhn8rJkNlVdCZ49qsBfw4WcY9T3feUcg5QmFhy7KgExPnepElv2LigW6NEks67hzOjtEzF89QvPpfmqZnQPDc7B70sxuIaFg2-wor7rgS4Tw8avvWSTQGJHG_nj36cR0Tm9jDQ4vC56Pk1og1vJM5de0gouYmTirlkGilsL-By9rZZr6t771HHDrfyKN1jcPuncWX3BUzSPyVGOoi4lN5aYdLfyDi_1q7vj48id0YYzD9uZP74opdbff4S2-9Yz2RiX4jq10VNzVzOoXk3akINi1cNbe_7pVXl2or_E7eAE7Vc7wsPBKNlgUfhrxl13NEtQRVDSC2vu1t5mchh23gcVJaL38CmPmcehm8-xhvGTpAjzGGimZK4JAhB2bQF-ce1Zzr8=s0-w100-h100-dcASEE,,
47,Joint statement: Working together towards COVID-19 and seasonal influenza vaccinations for this winter,bookmark_border,12 Oct,,news.google.com/./articles/CBMimgJodHRwczovL3d3dy53aG8uaW50L2V1cm9wZS9uZXdzL2l0ZW0vMTItMTAtMjAyMi1qb2ludC1zdGF0ZW1lbnQtYnktY29tbWlzc2lvbmVyLXN0ZWxsYS1reXJpYWtpZGVzLS13aG8tcmVnaW9uYWwtZGlyZWN0b3ItZm9yLWV1cm9wZS1kci1oYW5zLWhlbnJpLXAuLWtsdWdlLWFuZC1kaXJlY3Rvci1vZi10aGUtZWNkYy1kci1hbmRyZWEtYW1tb24tLXdvcmtpbmctdG9nZXRoZXItdG93YXJkcy1jb3ZpZC0xOS1hbmQtc2Vhc29uYWwtaW5mbHVlbnphLXZhY2NpbmF0aW9ucy1mb3ItdGhpcy13aW50ZXLSAQA?hl=en-IN&gl=IN&ceid=IN%3Aen,https://lh3.googleusercontent.com/proxy/5hrO1yrmlaVl7p6CFom7-RCZm6SXiUNRTsFgceaD_03NvWgC0tqr04Ni50jVSqqxO4sghVseSCifZ9B03_C6BCqc73cc-KnQJde8_QFezua3SnMfJWpV8RWFZvzPftnmAz2C6Cqzfu4ahIGtCqzdOC2jjLD9DbT_Avdc1Bv3m-PA_nVHUwvg8gUmnyzRkyMsRTwkw2WcTECBCszZgzeeSM1P2o2XsIo4-t7GZbW6MB5pK-MhK4dSM4JVZ69ukoCTR-brr1o7c3sEZXSGCKFM2eWEP7NTsmo26QVK65VpnOX_gpD95Pqu7O3xawIhGMa99GvyF508z2YE2Z6pxuAbxQqPflxrFshBFjkd6QvJm1s=s0-w100-h100-dckQMG,,
48,"China, HK stocks rebound sharply on unverified social media posts over COVID easing",bookmark_border,5 days ago,2022-11-01 10:37:44.810985,news.google.com/./articles/CBMiggFodHRwczovL3d3dy5yZXV0ZXJzLmNvbS9tYXJrZXRzL2V1cm9wZS9jaGluYS1oay1zdG9ja3MtcmVib3VuZC1zaGFycGx5LXVudmVyaWZpZWQtc29jaWFsLW1lZGlhLXBvc3RzLW92ZXItY292aWQtZWFzaW5nLTIwMjItMTEtMDEv0gEA?hl=en-IN&gl=IN&ceid=IN%3Aen,https://lh3.googleusercontent.com/proxy/tOTupGhUfRnaB16pCTyDO96uiYbzel8gS_L6V8Wx_kjUE9wkdcBRCsmHO1WS_CXZywCjpFubqI5E7J8KXgBe2UsEaH1x-Zhac11nmklp4EW4Qvw9pftQCwj7dKJA6IooEf5CexxbQliMTCIVrtTPjg14ovBNkkc=s0-w100-h100-dcqTGg1RgK,,
49,WHO Director-General's opening remarks at the 13th meeting of the IHR Emergency Committee on COVID-19 pandemic – 13 October 2022,bookmark_border,13 Oct,,news.google.com/./articles/CBMitQFodHRwczovL3d3dy53aG8uaW50L2RpcmVjdG9yLWdlbmVyYWwvc3BlZWNoZXMvZGV0YWlsL3doby1kaXJlY3Rvci1nZW5lcmFsLXMtb3BlbmluZy1yZW1hcmtzLWF0LXRoZS0xM3RoLW1lZXRpbmctb2YtdGhlLWloci1lbWVyZ2VuY3ktY29tbWl0dGVlLW9uLWNvdmlkLTE5LXBhbmRlbWljLS0tMTMtb2N0b2Jlci0yMDIy0gEA?hl=en-IN&gl=IN&ceid=IN%3Aen,https://lh3.googleusercontent.com/proxy/Hlwy9UvVISEQMHy1d1CsGIqJ8OHLnWI5KfrVqVjXcke0fsELgco_eOzs87c28-uqnJcBDtLVokC1FDgTtio56G9b6dG8X9DtCQJgCeHimCltF39UjlEXHUAbUZW3WKNZi13xzGD4m7_GuMIVBZ8WGqdWp0HLYbLrucP4MxPZHjhkvdJ1yhPbDm1dF6Bopug32D0iIlWWJsN_48zvbeyTmuKoRBcienNHC_P6tCNcMYS_EFjsQ3psRrNfHhBr9NY=s0-w100-h100-dctSSccBkK,,
50,Koreans move out of pandemic's shadow after nearly 3 years of battling COVID-19,bookmark_border,2 days ago,2022-11-04 10:37:44.811985,news.google.com/./articles/CBMiP2h0dHBzOi8vd3d3LmtvcmVhdGltZXMuY28ua3Ivd3d3L25hdGlvbi8yMDIyLzExLzExM18zMzg4MTMuaHRtbNIBP2h0dHBzOi8vbS5rb3JlYXRpbWVzLmNvLmtyL3BhZ2VzL2FydGljbGUuYW1wLmFzcD9uZXdzSWR4PTMzODgxMw?hl=en-IN&gl=IN&ceid=IN%3Aen,https://lh3.googleusercontent.com/proxy/HmXFVZcQwiJwt1M0IsQXRt6op_YInHg2tnC3kxgr3nOySPAhjnnu08cJgg4rw_36QaN3QrYizTYs80F8YJpWy1vQzjl53Z6LHtRKdvkffH4HMoQEYewzoITEz-l2G-9qc7sXD3xSknrEpiBpMIaWx6mtI2t9wepj=s0-w100-h100-dcGWCMWbAG,,
51,I spent 10 days in a secret Chinese Covid detention centre,bookmark_border,3 days ago,2022-11-03 10:37:44.811985,news.google.com/./articles/CBMiP2h0dHBzOi8vd3d3LmZ0LmNvbS9jb250ZW50Lzc3NjIyNjI3LTk0MzMtNDQ1YS1hNzYzLWE1NDdiNzdiNThlZNIBAA?hl=en-IN&gl=IN&ceid=IN%3Aen,https://lh3.googleusercontent.com/proxy/FNd0RjeXMI8Fc8HuHePBat1WZRHjE6PCDxja66Y8SZaHDzvbmhM55lEEMxS_61D-uIRJKBJCimhlbo7UyQV5Da4hQz-FnDEeqSxbOswmRtfGfiCl05Gmmi_iWB8wmOup6qIxfQ8f09vyhT_akJAUfbl_xqCHxTpx6oNUWofyVEJQU3bdcqGUhEjX93UZRQ1J2fBxncjulJOZj_17_zlrq3lH7FZCiuRGCMVB2P5w72HUFCYpFqqtXuRfThthcWRkd5eO_we6T-Hh9GN6jppgrMpICUZhsttQVZFKHoo4Lh6Pubno=s0-w100-h100-dcoZSQjrEG,,
52,"California coronavirus updates: Health officials concerned of 'tridemic' — flu, COVID-19 and RSV",bookmark_border,3 days ago,2022-11-03 10:37:44.811985,news.google.com/./articles/CBMiWmh0dHBzOi8vd3d3LmNhcHJhZGlvLm9yZy9hcnRpY2xlcy8yMDIyLzExLzAyL2NhbGlmb3JuaWEtY29yb25hdmlydXMtdXBkYXRlcy1ub3ZlbWJlci0yMDIyL9IBAA?hl=en-IN&gl=IN&ceid=IN%3Aen,https://lh3.googleusercontent.com/proxy/TP_MWx9zms8JQVNd34Zwt_REIJ-_bphxrn_eN9lBVM3oc004sRTTnVe-yl_An94ifW2s3qo0BLH00a0AYnCX5ScahCyJ-DMPwjg97LtuX679y2o=s0-w100-h100-dcDYCC5V4C,,
53,Update on COVID-19 and vaccinations,bookmark_border,4 days ago,2022-11-02 10:37:44.811985,news.google.com/./articles/CBMiVGh0dHBzOi8vcmVzZWFyY2guc2VuZWRkLndhbGVzL3Jlc2VhcmNoLWFydGljbGVzL3VwZGF0ZS1vbi1jb3ZpZC0xOS1hbmQtdmFjY2luYXRpb25zL9IBAA?hl=en-IN&gl=IN&ceid=IN%3Aen,https://lh3.googleusercontent.com/proxy/RdMZLAg1aMjwD6D7665SypVU9BgpEIJIcL5KkpLeMLsV973p_Z_XtQJzymHGCdbxk2x6RcuyEzwJAMhCyLyCZK2IU6GJ7cJvKZpGxNFNu4jd0iEmhh-OFxnJKgNBX7oo9xY=s0-w100-h100-dciTCQpaIG,,
54,Long COVID: how lost connections between nerve cells in the brain may explain cognitive symptoms,bookmark_border,28 Oct,,news.google.com/./articles/CBMicWh0dHBzOi8vd3d3Lmdhdmkub3JnL3ZhY2NpbmVzd29yay9sb25nLWNvdmlkLWhvdy1sb3N0LWNvbm5lY3Rpb25zLWJldHdlZW4tbmVydmUtY2VsbHMtYnJhaW4tbWF5LWV4cGxhaW4tY29nbml0aXZl0gEA?hl=en-IN&gl=IN&ceid=IN%3Aen,https://lh3.googleusercontent.com/proxy/ST_eRy2XDZlKjTMa8et-xVrQKjA1hDEC2lb4h16IVF5DkE-82VbMhMEBHiF_YAAvUeMIRczejwSKMhq_6ucgUpVOtrsfN3GixgSxutHyQfgUIW4sK3c2FtQ5yHSKFhL8kbk4I5xDzSOTRqbkNEuV8cUBWRjIz9-_kYtfY30JIyNtoRjfOg=s0-w100-h100-dcEQGMjCkF,,
55,States Spent Millions On Deloitte's 'Anti-Fraud' Covid Unemployment Systems. They Suffered Billions In Fraud.,bookmark_border,6 days ago,2022-10-31 10:37:44.812985,news.google.com/./articles/CAIiEGdh_khnrYBXjzpLinEzMF8qFQgEKg0IACoGCAowrqkBMKBFMMGBAg?uo=CAUikAFodHRwczovL3d3dy5mb3JiZXMuY29tL3NpdGVzL3Rob21hc2JyZXdzdGVyLzIwMjIvMTAvMzEvY292aWQtcGFuZGVtaWMtZnJhdWQtaGl0cy1iaWxsaW9ucy1kZXNwaXRlLWRlbG9pdHRlLWNvbnRyYWN0cy13b3J0aC1odW5kcmVkcy1vZi1taWxsaW9ucy_SAQA&hl=en-IN&gl=IN&ceid=IN%3Aen,https://lh3.googleusercontent.com/proxy/8DWj5wxDb_2oKKVTxlzCxJYVeVzmn4fSrsR_CMqaDP_6H4NmtTN7sp2qrtp-Uaa518MFdg3Ie6mj-KhK8FKXelmaUf7Jyxy5pWIwHmZYpHvDReLbFghDo597JR75Fd-RIUjtmkdJIkqhRkmwjdHh5VzKPK7ZqH-XqTTxrIQeCWiWvJx07Y4-=s0-w100-h100-dcCTGEqdgC,,
56,Fujifilm gives up developing Avigan drug for COVID-19 treatment,bookmark_border,15 Oct,,news.google.com/./articles/CBMiaWh0dHBzOi8vd3d3LmphcGFudGltZXMuY28uanAvbmV3cy8yMDIyLzEwLzE1L25hdGlvbmFsL3NjaWVuY2UtaGVhbHRoL2Z1amlmaWxtLWF2aWdhbi1jb3JvbmF2aXJ1cy1naXZlLXVwL9IBAA?hl=en-IN&gl=IN&ceid=IN%3Aen,https://lh3.googleusercontent.com/proxy/BU086InJMAGgCcEIi-PZbOOq8sGmppC0v-C1-8jMaZcQDTkm5rmMZKv54ln6avNt_GY8YduNK09JxraKqf-U_vaHo3NT1GZxhrF86Y0W9uefc8eXQcAtV_Bqn3D8FCqmudyW-wE2=s0-w100-h100-dcCXGO5zAG,,
57,When does COVID recovery become COVID revenge?,Opinion,2 days ago,2022-11-04 10:37:44.812985,news.google.com/./articles/CAIiEEzcUI3q1bBXLCy5gjLL0FEqGQgEKhAIACoHCAowxqmICzDg_IYDMObfmwY?uo=CAUibGh0dHBzOi8vd3d3LnNtaC5jb20uYXUvYnVzaW5lc3MvY29tcGFuaWVzL3doZW4tZG9lcy1jb3ZpZC1yZWNvdmVyeS1iZWNvbWUtY292aWQtcmV2ZW5nZS0yMDIyMTAyNy1wNWJ0bW8uaHRtbNIBAA&hl=en-IN&gl=IN&ceid=IN%3Aen,https://lh3.googleusercontent.com/proxy/75eOubHrNYa7FxrO52OmaKi1b-F3VzVmne5z9ln2wMgdSxvT3qy1eXe6aVuU8MjkH6rm3JpOfHk0xB6SeIfhUmi0KfETEFvjaSf5LzMcLkD-8dcFgJa1q5MFaz0j1QHhg9R-oJVvTWFAzrurreIH5_yMHSVGuhFVFA88tIdjodOIT3U0zkorEFMHHpiqbrcHiZzI9rNHyqc-4fBxSFW4jPi-iavHqLgvfQYhZJeVOhxWwGGmk-fWGBX8SbSTFGfmsKm_=s0-w100-h100-dcFTOMiB0J,,
58,Sunak's Covid decisions tell us how he might act now. It doesn't look good for the NHS | Devi Sridhar,Opinion,6 days ago,2022-10-31 10:37:44.813986,news.google.com/./articles/CAIiEKEJALX00TYQGYcwbXJ6-BMqFggEKg4IACoGCAowl6p7MN-zCTC9vBU?uo=CAUib2h0dHBzOi8vd3d3LnRoZWd1YXJkaWFuLmNvbS9jb21tZW50aXNmcmVlLzIwMjIvb2N0LzMxL3Jpc2hpLXN1bmFrLWNvdmlkLWRlY2lzaW9ucy1zZWNvbmQtd2F2ZS1uaHMtcHVibGljLWhlYWx0aNIBAA&hl=en-IN&gl=IN&ceid=IN%3Aen,https://lh3.googleusercontent.com/proxy/jHdt3UEoSiMmDZgPOJSTyfAmQehkK7aJhCz6Yq89wxzDDILfaGFcj4E3R2-j6xd-Ozmcf0KX-bva6MlZ0rFW8RlFUBjZumNuvVwdxTEb_mo_RM2Zxb653qdnH4NWL5emkM58cE4o_dYp_UU0Jxg5PY5_ffayjzyofR4L8RFNz5HeEBUnUQb3lgu4k8s5SqcbEUHbkVrx4nCmZSgZmM3Z63qVlEAEtN1c6h23630kEfM2M-t7sNvZP-lIFQIzV0S7e7r7j27cuZLz9ptkCqLOCvYqAjszMHpuCXzMut4=s0-w100-h100-dcAVAM,,
59,"Prevalence of post COVID-19 condition symptoms: a systematic review and meta-analysis of cohort study data, stratified by recruitment setting",bookmark_border,6 days ago,2022-10-31 10:37:44.813986,news.google.com/./articles/CBMif2h0dHBzOi8vd3d3LmVjZGMuZXVyb3BhLmV1L2VuL3B1YmxpY2F0aW9ucy1kYXRhL3ByZXZhbGVuY2UtcG9zdC1jb3ZpZC0xOS1jb25kaXRpb24tc3ltcHRvbXMtc3lzdGVtYXRpYy1yZXZpZXctYW5kLW1ldGEtYW5hbHlzaXPSAQA?hl=en-IN&gl=IN&ceid=IN%3Aen,https://lh3.googleusercontent.com/proxy/tksa-a_QBaXGFf9w4lz-d1de85LCyzgZQygRGXTKtZIDKwZDH6fZTKZU0Tn51PFt5AiyyDd8Iww6rDMpd00tf4lmNoXFoPE_hrnhL8k1zXsbiM4zqu22qzL0DzkkeJJD1ME1oDSyifC51udga9Jgo2f9YqzAiecSR9iPwAxNXwkYaf4SxD5QGOsEqrzSeOk5P3ehApI=s0-w100-h100-dcHQSIrBUF,,
60,"VINCOV-19, country’s first anti-dote for COVID, ready for phase 3 trials, market authorisation",bookmark_border,11 Oct,,news.google.com/./articles/CAIiEGhTTTEsFiylQE7BFt-INgkqGQgEKhAIACoHCAowiYr-CjD1iIoDMMzqyAc?uo=CAUimwFodHRwczovL3d3dy50aGVoaW5kdS5jb20vc2NpLXRlY2gvaGVhbHRoL3ZpbmNvdi0xOS10aGUtY291bnRyeXMtZmlyc3QtYW50aS1kb3RlLWZvci1jb3ZpZC1yZWFkeS1mb3ItcGhhc2UtMy10cmlhbHMtbWFya2V0LWF1dGhvcmlzYXRpb24vYXJ0aWNsZTY1OTk2NTg1LmVjZdIBAA&hl=en-IN&gl=IN&ceid=IN%3Aen,https://lh3.googleusercontent.com/proxy/dm6pRGEup4OLCPYNZyTZDMB0_TP6ShdJVW86mwIzkEH5KZx7mwA23q5jr0WlpbU4njVY5MSTNalGVM-nWB8As4y92kbIC4a11dDu-f9qvQ06nIk3NZQcjPaEcfp1YeVxf0LWEDo0EMDi8Wx9VHfZhKDnlm45gip1i-QYH8MM_W4KN68KH39Wc823VZDIJpHvOA=s0-w100-h100-dcJVSMjakG,,
61,Emotional debate over UK Covid memorial risks dividing bereaved,bookmark_border,29 Oct,,news.google.com/./articles/CAIiEC5vNXTRzw3ZhNGigAPmONwqFggEKg4IACoGCAowl6p7MN-zCTDlkko?uo=CAUibWh0dHBzOi8vd3d3LnRoZWd1YXJkaWFuLmNvbS93b3JsZC8yMDIyL29jdC8yOS9lbW90aW9uYWwtZGViYXRlLW92ZXItdWstY292aWQtbWVtb3JpYWwtcmlza3MtZGl2aWRpbmctYmVyZWF2ZWTSAQA&hl=en-IN&gl=IN&ceid=IN%3Aen,https://lh3.googleusercontent.com/proxy/r19Y8TNvXdP6omlxJ2L4CtQjPkolSXIhkbmZG5nweZBufaW3InddVQcPSgCJsfirlQAF_h4TvsNGQL6cmanZ8U7KYmmDHxbTy5WZAywhsKl_zthUwQIIGBS8JwmNBWNzqcteYbskPP7vg1ZH_LKKCSUlXOIkW5qgsz-HDwGdFawm0BRARlgRj1Dbosykx1WN1gs03yLNFIPPt8h15TkjYTIDmL-daEM1UlUBMx5B9shSBdmbliennpBTDAph86zSp-T1EWhWDzuneB-v7kQ7Ez8pmjhLtQjY2lrWtYXEYw8Mh8A8Z91GXyxDHUWUJMqREKvKic8ySKsyBksaQjez8w2wW65QbhjFGGbFQh0z8QvKCo4kpwLDVpEYPuAfr5PjEmw1wPVN3ovlXrwdk2NFUccq3QXzXWzb2_VSQJeU3aI_p1eRqmoYuEZOXyH3KmqvQQMrKk16msmS=s0-w100-h100-dcTWCAtuAB,,
62,"What’s Going Around: RSV, COVID -- here’s what’s spreading the most in Metro Detroit",bookmark_border,2 days ago,2022-11-04 10:37:44.814992,news.google.com/./articles/CAIiEOvNYRRnH9onTpCNesIcCDQqGQgEKhAIACoHCAowztP-CjDSgfcCMLmz3gU?uo=CAUifmh0dHBzOi8vd3d3LmNsaWNrb25kZXRyb2l0LmNvbS9oZWFsdGgvMjAyMi8xMS8wNC93aGF0cy1nb2luZy1hcm91bmQtcnN2LWNvdmlkLWhlcmVzLXdoYXRzLXNwcmVhZGluZy10aGUtbW9zdC1pbi1tZXRyby1kZXRyb2l0L9IBAA&hl=en-IN&gl=IN&ceid=IN%3Aen,https://lh3.googleusercontent.com/proxy/TlM3NLCdarDNI8etAuqfrvD9gknddMS6Sar0t6rXyqtGMiGRRJlMkglndmSpWdLZtaaeRrjkgDIHYnd93klA9t90oBSCIMuu3809p13CeuhYWpYN59wTan6Nd6iRKrwewvytDgRK-QrHrjhfCNFf8OsNrY3HM4LODGeqxuI=s0-w100-h100-dckQWKZ44I,,
63,When did China doctor who 1st warned of Covid pandemic die? The mystery stays on,bookmark_border,7 Oct,,news.google.com/./articles/CAIiELBG9trSU9RWlnxksOHdmhQqFwgEKg4IACoGCAoww7k_MMevCDDIrqcH?uo=CAUizgFodHRwczovL3d3dy5oaW5kdXN0YW50aW1lcy5jb20vd29ybGQtbmV3cy9kci1saS13ZW5saWFuZy1mcm9tLXd1aGFuLWNoaW5hLWNvcm9uYXZpcnVzLWNoaW5hLWNvdmlkLXBhbmRlbWljLXNvLXdoZW4tZGlkLWNoaW5hLWRvY3Rvci13aG8td2FybmVkLW9mLWNvdmlkLXBhbmRlbWljLWRpZS10aGUtbXlzdGVyeS1zdGF5cy1vbi0xMDE2NjUxMTY3MzU1OTUuaHRtbNIBAA&hl=en-IN&gl=IN&ceid=IN%3Aen,https://lh3.googleusercontent.com/proxy/QinqOcNiyDA3U2n_8r9jscpOrtuFhV83RWnGp9ZRpbaZ3Hh9gfwHNn3BM6yT3NTWfqCg_n1dnAxd9GScTAsvqWNNdKfRg4ncOXFOwhFZZGGzsVArTpzVg_EeTZdbmEpgCSoxuyI78LFzw6jNYj7qVSiv3401Iz46_elHn8XCF_C9QRAELjHWL9uOA5Re69v3HLanEjCRcPRlGXOjizKqiem5h2EyMxUvMy5lCjmjJ13iokH2was=s0-w100-h100-dcCQCIh40E,,
64,"IDPH reports 14,225 COVID-19 cases, 54 deaths over past week",bookmark_border,Yesterday,,news.google.com/./articles/CAIiEI8W_74CIFFbacwBKWPod6UqGQgEKhAIACoHCAowsKKrCzCtrcMDMPrW5Ac?uo=CAUiW2h0dHBzOi8vd3d3LndnZW0uY29tLzIwMjIvMTEvMDQvaWRwaC1yZXBvcnRzLTE0MjI1LWNvdmlkLTE5LWNhc2VzLTU0LWRlYXRocy1vdmVyLXBhc3Qtd2Vlay_SAQA&hl=en-IN&gl=IN&ceid=IN%3Aen,https://lh3.googleusercontent.com/proxy/cLyC_xWMJ1GB1_8vRG0h-cVVCHvYjDVtwnssmJ3i3YxgzZ13UTASSQp6uXkE3d29wz3vtMg21dpGeBWErNlWWFYPpU6zf0XhRafiMiwu0yjtc3LcSzeHd0TGfhb-MryBo5CNh-inhQ3aEyZ7Iwf5VUheYCMxcjgQf1ReKagzaLrcZzlvR4dzYCNpyXsChxhcgG39p_3ZlyL-CYiZrYaCRb-wF7EZl4KPPPlrD_uX6xV0yvK2AjZiKrrSE8AvzjMB3JxgabaQN_h2U7gvh4lcZNlSfJVAuVLfMlwJPTHvGy1quQ=s0-w100-h100-dcJRSCjiUG,,
65,Characteristics and outcomes of severe COVID-19 in hospitalized patients with cardiovascular diseases in the Amazonian region of Brazil: a retrospective cohort | Scientific Reports,bookmark_border,4 days ago,2022-11-02 10:37:44.815987,news.google.com/./articles/CBMiMmh0dHBzOi8vd3d3Lm5hdHVyZS5jb20vYXJ0aWNsZXMvczQxNTk4LTAyMi0yMzM2NS050gEA?hl=en-IN&gl=IN&ceid=IN%3Aen,https://lh3.googleusercontent.com/proxy/O-6BuF-V2MjxVy7staqPvWRcg0QQo-iqd-JynR-ZGeUqA7-_aZRhmpJMzPuGzMbjjk8DrWJdV2Q3Uy8s4APw0x8QvwpL8SrapoD-rdg2dCPblemQVRImDEYRmAcMXxjzTgpnjli9xpfibtEfbCd1y2HFu4UpVepmsaX9mjDeGIe3FPP5Ggh2ee_3DQfrVZOvkoH2tQTx4hasbRkEBX3wDlqlpCCi7A=s0-w100-h100-dcBTCI5qXkJY4B,,
66,Hundreds of Canadians are still dying of COVID-19 every week. Who are they?,bookmark_border,4 days ago,2022-11-02 10:37:44.815987,news.google.com/./articles/CAIiEL6HOXWUmDVKenQlau_QlVoqFggEKg4IACoGCAowqKNmMKjdCjDGlx0?uo=CAUiSGh0dHBzOi8vd3d3LmNiYy5jYS9uZXdzL2hlYWx0aC9jb3ZpZC1kZWF0aHMtY2FuYWRhLXdpbnRlci0yMDIyLTEuNjYzNzQ3NtIBAA&hl=en-IN&gl=IN&ceid=IN%3Aen,https://lh3.googleusercontent.com/proxy/t1M0zsSItRW8pivpH9ITvZlbnsxImnTTV45nNoIM4xnbnHa1ai-NKuI72F3Q3j9ysBH_69gu95DU5R14xJSXnQMwRpvM1rKsjZDeOsR3odi_7oA9oo-KCWBcr41knQq0dMpM-BeHECU-60W69P4JeLAXAv7JiHRf5tYZYISJF8CAgkHMHxHuH9EHijSB=s0-w100-h100-dcIXOKbKkH,,
67,New immune-evading covid variants could fuel a winter surge,bookmark_border,18 Oct,,news.google.com/./articles/CBMiTWh0dHBzOi8vd3d3Lndhc2hpbmd0b25wb3N0LmNvbS9oZWFsdGgvMjAyMi8xMC8xOC9jb3ZpZC12YXJpYW50cy14YmItYnExLWJxMTEv0gEA?hl=en-IN&gl=IN&ceid=IN%3Aen,https://lh3.googleusercontent.com/proxy/Gr5-Xo60-TmZIivh9EK9rhg6zB_jDlqlaw1xLYqM8RwY9ojHuC0olIQFsOrSgeklMc0m3kEAXobRSZTTukvmoIQ6eHu4gtDhhsPoCcbBWyAXleHhHJRVoy6UGDwEm8HZV_DhELsT6YMj0fzIq4qa-N0GlDu53KvnkwDr-ko5hbCEPVlcXjgVD7xW8dKvCHL_r8pems061Nxs3PxfxQ4C1htbbwStoXOkWsTZ=s0-w100-h100-dcnVOOa6UH,,
68,"‘I learnt to dig every little thing’: Jeff Bridges on cancer, the Coens, and the Covid that nearly killed him",bookmark_border,17 hours ago,2022-11-05 17:37:44.817053,news.google.com/./articles/CBMibWh0dHBzOi8vd3d3LmluZGVwZW5kZW50LmNvLnVrL2FydHMtZW50ZXJ0YWlubWVudC90di9mZWF0dXJlcy9qZWZmLWJyaWRnZXMtaW50ZXJ2aWV3LXRoZS1vbGQtbWFuLWIyMjE3NjI0Lmh0bWzSAQA?hl=en-IN&gl=IN&ceid=IN%3Aen,https://lh3.googleusercontent.com/proxy/wwNXZksVCumq8v2LFF9K7DIdZr8QJcBRC8UcUTnJnTDOCzoYb0EDE2V-zRIDqyUAsdEm0H1EB13jefLNo_eHA3ytvzYEZXmSrINTMBG6tP8Eix-lIFv62hu6edPoD2LNRDc=s0-w100-h100-dcpXWEzbEF,,
69,"New Delhi: 79 New Covid Cases, Positivity Rate 1.52 Per Cent",bookmark_border,9 Oct,,news.google.com/./articles/CAIiEMFzVEjN2fk-xnhPtuz3LkYqGQgEKhAIACoHCAowgdPwCjC6rbsCMKitmwY?uo=CAUibGh0dHBzOi8vd3d3Lm91dGxvb2tpbmRpYS5jb20vbmF0aW9uYWwvbmV3LWRlbGhpLTc5LW5ldy1jb3ZpZC1jYXNlcy1wb3NpdGl2aXR5LXJhdGUtMS01Mi1wZXItY2VudC1uZXdzLTIyODcwNNIBAA&hl=en-IN&gl=IN&ceid=IN%3Aen,https://lh3.googleusercontent.com/proxy/o97OJPMFt9OOFQVSvLKQF3MeEAdaoi8f_OrnrlCOMGU5faTzwxYepT9fXoBLWQM09fgNugqi2ZXyrz73WR3D-0-fXp6dv8TPEuuqzD5NChnijumMWHF91FW7Wq4SO-6XbrymARphoNihb8EdhvizjA=s0-w100-h100-dcAVKMKa4G,,
70,"Flu, COVID shots available at vaccine POD",bookmark_border,3 days ago,2022-11-03 10:37:44.817053,news.google.com/./articles/CBMiaWh0dHBzOi8vd3d3LmhhbnNjb20uYWYubWlsL05ld3MvQXJ0aWNsZS1EaXNwbGF5L0FydGljbGUvMzIwODQyMC9mbHUtY292aWQtc2hvdHMtYXZhaWxhYmxlLWF0LXZhY2NpbmUtcG9kL9IBAA?hl=en-IN&gl=IN&ceid=IN%3Aen,https://lh3.googleusercontent.com/proxy/gWEOUr4E4Rq7X93wDxxpbofc_CTk0sJeC5UZ1WTc7RdPWZrtxsdC96pDa5P6UW04ho3gh-WNNShcJrQEQFMzQZ1LZGIPWgYYWOGorUjG1olFVi2fy4993ekwRjKJpt-vllOGvddhjC4gXnU=s0-w100-h100-dcEUKOpp5pPUkC,,
71,"Stefanowski takes on Lamont response to COVID, discrimination",bookmark_border,2 days ago,2022-11-04 10:37:44.817053,news.google.com/./articles/CAIiEK4OWSG0aRbfzm1skcYak7YqMwgEKioIACIQHZ4Z7wmPjSbJHzYBjz8xRCoUCAoiEB2eGe8Jj40myR82AY8_MUQw1JTRBw?uo=CAUiaGh0dHBzOi8vY3RtaXJyb3Iub3JnLzIwMjIvMTEvMDMvY3QtYm9iLXN0ZWZhbm93c2tpLXRha2VzLW9uLW5lZC1sYW1vbnQtcmVzcG9uc2UtdG8tY292aWQtZGlzY3JpbWluYXRpb24v0gEA&hl=en-IN&gl=IN&ceid=IN%3Aen,https://lh3.googleusercontent.com/proxy/YCfgmsy2miXcCkjTwOELi41-1vyZx10RAqMgcMgKwzFduKo7IAGCEcTQ8Wr0Et_78gafovflgJF8WF4aDF1KsjUJ43RGqcWlldv7eTnkVRM4Ea-fxda-QQOQdvTbIULF9QOpjkKRd4-24cg4jXlL-e3V47CZtbkCSLf-XGASEYYw8GvZ0dyw-IUf3w=s0-w100-h100-dcgVCI8hyp0OwB,,
72,Trump Org. trial off until Thursday after witness gets COVID,bookmark_border,Yesterday,,news.google.com/./articles/CBMiXmh0dHBzOi8vd3d3LmtwbGN0di5jb20vMjAyMi8xMS8wNC90cnVtcC1vcmctdHJpYWwtb2ZmLXVudGlsLXRodXJzZGF5LWFmdGVyLXdpdG5lc3MtZ2V0cy1jb3ZpZC_SAW1odHRwczovL3d3dy5rcGxjdHYuY29tLzIwMjIvMTEvMDQvdHJ1bXAtb3JnLXRyaWFsLW9mZi11bnRpbC10aHVyc2RheS1hZnRlci13aXRuZXNzLWdldHMtY292aWQvP291dHB1dFR5cGU9YW1w?hl=en-IN&gl=IN&ceid=IN%3Aen,https://lh3.googleusercontent.com/proxy/j5hrzqSImOS9ZY9PolRaXRqIxhiG9MY-c7VcPa_h3TJ4TdvTgscGR5C-Eoc-MExvgAu9AjPIE9khsKWZY0yusTQu7S1yNSpg_WUH8zNSOW5V3Ns4xUAi4VSrfp_qYs_uy8x88a8cL4IsZtUJYpw5kQRF5Z5zFjubVI-qL-QtcPsq1_CTSanoOubkYoTEhCtvzZPGXIOoYjkXxbRj-_8juXmb81edKaK8fZ6lay3AqdvpTEcVHQY6BOZLWr-RcMQ321xxiIOo62Smc5Sgc9HvCun9lQpW6aTISDnUBfWdXCo5LA=s0-w100-h100-dcBUGWxiAoodApjcE,,
73,Hermiston commemorates COVID deaths with Día de los Muertos,bookmark_border,Yesterday,,news.google.com/./articles/CAIiEGEzs_b1DPTJOFthxBU775MqMwgEKioIACIQ8JOk3mr40NIj2qaTzWaopSoUCAoiEPCTpN5q-NDSI9qmk81mqKUwot_ABw?uo=CAUie2h0dHBzOi8vd3d3Lm9wYi5vcmcvYXJ0aWNsZS8yMDIyLzExLzA0L29yZWdvbi1kaWEtZGUtbG9zLW11ZXJ0b3MtY2VsZWJyYXRpb25zLWxhdGluby1jb3ZpZC0xOS1kZWF0aHMtaGVybWlzdG9uLWhpZ2gtc2Nob29sL9IBAA&hl=en-IN&gl=IN&ceid=IN%3Aen,https://lh3.googleusercontent.com/proxy/S0s1P8cQl3KAjNdLrXOK4ilSkccMUqbTSX53gxhnDpmUd_yGI58nUl3BNMdk8awXqplJCZntN-CRyTcVm3eLrh1Xn4qqA4WDFoXMyPiOgz6XQdplvVQ8zSXZzpirH2iz21AkTi9r_qww1gwBor29Xhagu4dvhV4KDYTyKo2-lU-6rfgzd8h5jELpqdP2tMQBgqy-1VFKB37eeGrY8oW_78GzpMeup3FHfPNJSf9m7bjYXZfgTAbrZX4yCfM9r9qnW1cpvfkxT3mj1-I=s0-w100-h100-dcAXCOEi0H,,
74,Meet the scientist at the centre of the corona lab-leak controversy,bookmark_border,6 Apr,,news.google.com/./articles/CAIiEAGCovqoDwLli6mB-nPb0MoqGQgEKhAIACoHCAow2pqGCzD954MDMPa15gY?uo=CAUiogFodHRwczovL2Vjb25vbWljdGltZXMuaW5kaWF0aW1lcy5jb20vcHJpbWUvcGhhcm1hLWFuZC1oZWFsdGhjYXJlL21lZXQtdGhlLXNjaWVudGlzdC1hdC10aGUtY2VudHJlLW9mLXRoZS1jb3JvbmEtbGFiLWxlYWstY29udHJvdmVyc3kvcHJpbWVhcnRpY2xlc2hvdy85MDY3MTAxOS5jbXPSAQA&hl=en-IN&gl=IN&ceid=IN%3Aen,https://lh3.googleusercontent.com/proxy/qpqn7Kzz1y6buB54qOh0RbJuCcHi9a4KErFq4q04XqAQSL4wcuOfvZBjwgoOHMm0c9Jsdz-bgF12X2aqEuPLAg1W8e1GrXSzyM4lvxFpBIIBTOTmx4sceoiwQmIIXz-RcHXktHtXzPHpb5CznlgVwNHXw_KV5PuxboMp_eqrD4z8VRf7keMQcrtolQRkeLt-N34Ku_M7l0oi7zR5sS8rXX2eUGD7Awd_zlyiOlnYZpAjD-BYnwVqYpUCs628eT1dnU_uLUzNlUNjiXsTZaBXh0ePQevzqQeY4t4b0T7YMoD4jDr7qkQ=s0-w100-h100-dcHWOUKioI,,
75,The end of the COVID-19 pandemic is in sight: WHO,bookmark_border,14 Sept,,news.google.com/./articles/CBMiLGh0dHBzOi8vbmV3cy51bi5vcmcvZW4vc3RvcnkvMjAyMi8wOS8xMTI2NjIx0gEA?hl=en-IN&gl=IN&ceid=IN%3Aen,https://lh3.googleusercontent.com/proxy/H4bdsgjPuIS9XgWGWj4OMooUCbNojSNFZClwgViQlZRVTO0R88XImcCAixyCrqELO3eUuF53oAE1pjT41UmI09Re9OwsmQyfecAGRgpRBiiJjACnqLU9bYgNgJp9nYMKaZB5wXGtyQqshXKQGnNqwUbKGJUqCpIScJTdUyHwJuZkzkVdVxgVL4mcU3fiOHURq1FtvP3FJezo9jq8wPuM2N3pqoZrYyyuTF3XiWhHgAwPLRjsFdtQb1RFqgvJF_Ql6Xn2cKJZgD-ohIQmdyrtbJZGp8zHWfGXydY9UyhGBwkF=s0-w100-h100-dcJTSUrZ0I,,
76,Coronavirus: When will the outbreak end and life get back to normal?,bookmark_border,23-Mar-2020,,news.google.com/./articles/CBMiKGh0dHBzOi8vd3d3LmJiYy5jb20vbmV3cy9oZWFsdGgtNTE5NjM0ODbSASxodHRwczovL3d3dy5iYmMuY29tL25ld3MvaGVhbHRoLTUxOTYzNDg2LmFtcA?hl=en-IN&gl=IN&ceid=IN%3Aen,https://lh3.googleusercontent.com/proxy/nBXZlQcMWwi2k46cROu3s9zP0dlXkbzRT1-y5nMZz9NEQgGksaWnJUl3fzf0-D9ekz79ndIRjFBedPqKQ1NNhepMxMSBPkd7FCz7JVgYYO1GJs31Bc8Kyug8dqFRAeZtBkrPNaVNN7TJL3i_S9jKpbNjSQEo1TrbU29lZEjjVBCCBA=s0-w100-h100-dcLQGGEJkE,,
77,India Situation Reports - India Situation Reports,bookmark_border,23 Aug,,news.google.com/./articles/CBMiYGh0dHBzOi8vd3d3Lndoby5pbnQvaW5kaWEvaG9tZS9lbWVyZ2VuY2llcy9jb3JvbmF2aXJ1cy1kaXNlYXNlLShjb3ZpZC0xOSkvaW5kaWEtc2l0dWF0aW9uLXJlcG9ydNIBAA?hl=en-IN&gl=IN&ceid=IN%3Aen,https://lh3.googleusercontent.com/proxy/y-PgX8vuHMJVeQe7gCn5sKPkvCU6zmL6LoqDRq19m_kyDpkMdB6md19pr3HqQL7HcwXUBg0mB4ufNx_F9ISXn7HLW_g5HybRb9vYrOkQxXzudiawnAp31CS70PQYe332IiLy0JAiblnnJvrAsCO1frUvr0a6w-ByitjJIkOzh7P8bIKUaERx7NUUhmgnptDP=s0-w100-h100-dcDQaaCZIJ,,
78,Coronavirus: When will government send more free test kits?,bookmark_border,7 Mar,,news.google.com/./articles/CBMiQ2h0dHBzOi8vd3d3Lm5ld3NvYnNlcnZlci5jb20vbmV3cy9jb3JvbmF2aXJ1cy9hcnRpY2xlMjU4OTY1NjEzLmh0bWzSAQA?hl=en-IN&gl=IN&ceid=IN%3Aen,https://lh3.googleusercontent.com/proxy/h0dBH8YvsgJkMCHd6A_YQsPuhT2q1FV8Mbqrcqa50Eaqb6yyGOkHIZW8pzaH8fhuzyLNbFSjkuKS34ofTH1nbIQ7jURufs7qfy-wdUix2HTRmeeCFdZSc5KqKBRNhI9LYCRBC2RkO74Aqjec0099ydY-hVBWHZr0egxE8bruYxW4boLVX-ul7U_A3eGuducV9w2J_I445jxGX1R9TQbUcmtNh38Ko4e3mifG8Q=s0-w100-h100-dcEYKSDLEH,,
79,What to Do If You Are Sick,bookmark_border,14-Mar-2020,,news.google.com/./articles/CBMiTmh0dHBzOi8vd3d3LmNkYy5nb3YvY29yb25hdmlydXMvMjAxOS1uY292L2lmLXlvdS1hcmUtc2ljay9zdGVwcy13aGVuLXNpY2suaHRtbNIBAA?hl=en-IN&gl=IN&ceid=IN%3Aen,https://lh3.googleusercontent.com/proxy/ycKLOVi4_0_Ozk_2x9G6vL8ghR_hwo0cfBVm2L73kVjy7Axv0l0lXi5NLd5VdwakolgDwqBg0ze3mBXQM55J2AMFs-DQKXbirGM8crOLHpKk1Q9-7K1RLUxl4S-VIg=s0-w100-h100-dcHUKKC6UI,,
80,When will the COVID-19 pandemic end?,bookmark_border,28 Jul,,news.google.com/./articles/CBMidGh0dHBzOi8vd3d3Lm1ja2luc2V5LmNvbS9pbmR1c3RyaWVzL2hlYWx0aGNhcmUtc3lzdGVtcy1hbmQtc2VydmljZXMvb3VyLWluc2lnaHRzL3doZW4td2lsbC10aGUtY292aWQtMTktcGFuZGVtaWMtZW5k0gEA?hl=en-IN&gl=IN&ceid=IN%3Aen,https://lh3.googleusercontent.com/proxy/PHm86LdxXmCcr6kvxW91joayel1djLycod_VynHqeyye-rQzPw2gdwA3fjIOHa1JeEepTAZ4nmkkrTA5c8OQ18wxxHXSFvi-bJd99-RpOGvt8-NBCWxmyVvNeoG6L8hl46PKAV8aTVKkpcGozLYwhtbYsikDqn36n0jWIcOGHpEf6hlZ2ixleL8a9S_FoedVy5sRWoBA8jvigGu5GUc7xiVqFJUrRUotUVQx9bgDq9DxHRC-ffSA_ljAIQwT4xFVQwFb3fHybrv-fPFgv1FdEr1hWpPkYfaMtV8M_xfVCDQZ3DyoAZrO=s0-w100-h100-dcJYaM7K0G,,
81,Nine inmates test positive as Covid-19 cluster found in Nagpur jail,bookmark_border,25 Jun,,news.google.com/./articles/CAIiEDhDM-dJnvyGF8DChEj2Ei4qFwgEKg4IACoGCAoww7k_MMevCDDIrqcH?uo=CAUiggFodHRwczovL3d3dy5oaW5kdXN0YW50aW1lcy5jb20vaW5kaWEtbmV3cy9uaW5lLWlubWF0ZXMtdGVzdC1wb3NpdGl2ZS1hcy1jb3ZpZC0xOS1jbHVzdGVyLWZvdW5kLWluLW5hZ3B1ci1qYWlsLTEwMTY1NjE2Nzg1MzkwNi5odG1s0gEA&hl=en-IN&gl=IN&ceid=IN%3Aen,https://lh3.googleusercontent.com/proxy/JcBOm0Rbg5YJmjXAV69JJboeD-6uD4BQLOMcTF6JVO5jxpce2nZMha-VBahx3ICmsert5bdccKu8Zst3NSkL2aXBvDFKRYBAHqKm-RGM-BQclDtwJo9MlJtBqHs3KyjZneMqQ0PuAPYh7qzAeMnArzxfyD3eGTrC6OlsafYo64qXsEbp1GVeA81NAA=s0-w100-h100-dcGYSSSjUH,,
82,COVID-19 Vaccine Delivery Partnership - COVID-19 Vaccine Delivery Partnership,bookmark_border,25 May,,news.google.com/./articles/CBMid2h0dHBzOi8vd3d3Lndoby5pbnQvZW1lcmdlbmNpZXMvZGlzZWFzZXMvbm92ZWwtY29yb25hdmlydXMtMjAxOS9jb3ZpZC0xOS12YWNjaW5lcy9jb3ZpZC0xOS12YWNjaW5lLWRlbGl2ZXJ5LXBhcnRuZXJzaGlw0gEA?hl=en-IN&gl=IN&ceid=IN%3Aen,https://lh3.googleusercontent.com/proxy/xGNMW_SOf6xAwf9KBKMxdTrLAsmzR3qO8yD665jAgMA0mSz3B3X_iyCVRdMgsOa2ZiLal1wtvNUvHK8qFmdOJrbIcZVb4MmQiT4bCK1FosfkrPs96zDBWqynIDJ_Fy53G_iqlePKhpXUfTMvmocrM5BrRAGXAWhIzvIFHU3HTwptHYkjLB21lvv0N-U3Sk3lKSwYowpcaKGKmwVrkmMdjGDNjaBIsUJsRq4E-uqAYsS1phRtwdmDTJ748XhOGtP4AmEXtsa2nmg3kHc4eVNcKyV45ocV_0jgc23PJU1ap-DoKJDFaDgHofQYmSpjW7RO0XnASfXLsvNb4x6kSaItiKQ8kHkCNkSXdIZm_w=s0-w100-h100-dcgaGM8zQG,,
83,"Clinical management of COVID-19: Living guideline, 15 September 2022",bookmark_border,15 Sept,,news.google.com/./articles/CBMiTmh0dHBzOi8vd3d3Lndoby5pbnQvcHVibGljYXRpb25zLWRldGFpbC1yZWRpcmVjdC9XSE8tMjAxOS1uQ29WLUNsaW5pY2FsLTIwMjIuMtIBAA?hl=en-IN&gl=IN&ceid=IN%3Aen,https://lh3.googleusercontent.com/proxy/Gaae9aXZDoEZVOWYqsxqq8zh5CRUdX1U12s_atS6ahzoAFScsmWRpqRhIUB7mputqBRf2QPwnFJDaH_i1Na0HJEsae-bK2Ge-eJdA5uQODjU3j7xgQ=s0-w100-h100-dcATKMxJ4K,,
